1,的
2,一
3,是
4,不
5,了
6,在
7,人
8,有
9,我
10,他
11,这
12,个
13,们
14,中
15,来
16,上
17,大
18,为
19,和
20,国
21,地
22,到
23,以
24,说
25,时
26,要
27,就
28,出
29,会
30,可
31,也
32,你
33,对
34,生
35,能
36,而
37,子
38,那
39,得
40,于
41,着
42,下
43,自
44,之
45,年
46,过
47,发
48,后
49,作
50,里
51,用
52,道
53,行
54,所
55,然
56,家
57,种
58,事
59,成
60,方
61,多
62,经
63,么
64,去
65,法
66,学
67,如
68,都
69,同
70,现
71,当
72,没
73,动
74,面
75,起
76,看
77,定
78,天
79,分
80,还
81,进
82,好
83,小
84,部
85,其
86,些
87,主
88,样
89,理
90,心
91,她
92,本
93,前
94,开
95,但
96,因
97,只
98,从
99,想
100,实
101,日
102,军
103,者
104,意
105,无
106,力
107,它
108,与
109,长
110,把
111,机
112,十
113,民
114,第
115,公
116,此
117,已
118,工
119,使
120,情
121,明
122,性
123,知
124,全
125,三
126,又
127,关
128,点
129,正
130,业
131,外
132,将
133,两
134,高
135,间
136,由
137,问
138,很
139,最
140,重
141,并
142,物
143,手
144,应
145,战
146,向
147,头
148,文
149,体
150,政
151,美
152,相
153,见
154,被
155,利
156,什
157,二
158,等
159,产
160,或
161,新
162,己
163,制
164,身
165,果
166,加
167,西
168,斯
169,月
170,话
171,合
172,回
173,特
174,代
175,内
176,信
177,表
178,化
179,老
180,给
181,世
182,位
183,次
184,度
185,门
186,任
187,常
188,先
189,海
190,通
191,教
192,儿
193,原
194,东
195,声
196,提
197,立
198,及
199,比
200,员
201,解
202,水
203,名
204,真
205,论
206,处
207,走
208,义
209,各
210,入
211,几
212,口
213,认
214,条
215,平
216,系
217,气
218,题
219,活
220,尔
221,更
222,别
223,打
224,女
225,变
226,四
227,神
228,总
229,何
230,电
231,数
232,安
233,少
234,报
235,才
236,结
237,反
238,受
239,目
240,太
241,量
242,再
243,感
244,建
245,务
246,做
247,接
248,必
249,场
250,件
251,计
252,管
253,期
254,市
255,直
256,德
257,资
258,命
259,山
260,金
261,指
262,克
263,许
264,统
265,区
266,保
267,至
268,队
269,形
270,社
271,便
272,空
273,决
274,治
275,展
276,马
277,科
278,司
279,五
280,基
281,眼
282,书
283,非
284,则
285,听
286,白
287,却
288,界
289,达
290,光
291,放
292,强
293,即
294,像
295,难
296,且
297,权
298,思
299,王
300,象
301,完
302,设
303,式
304,色
305,路
306,记
307,南
308,品
309,住
310,告
311,类
312,求
313,据
314,程
315,北
316,边
317,死
318,张
319,该
320,交
321,规
322,万
323,取
324,拉
325,格
326,望
327,觉
328,术
329,领
330,共
331,确
332,传
333,师
334,观
335,清
336,今
337,切
338,院
339,让
340,识
341,候
342,带
343,导
344,争
345,运
346,笑
347,飞
348,风
349,步
350,改
351,收
352,根
353,干
354,造
355,言
356,联
357,持
358,组
359,每
360,济
361,车
362,亲
363,极
364,林
365,服
366,快
367,办
368,议
369,往
370,元
371,英
372,士
373,证
374,近
375,失
376,转
377,夫
378,令
379,准
380,布
381,始
382,怎
383,呢
384,存
385,未
386,远
387,叫
388,台
389,单
390,影
391,具
392,罗
393,字
394,爱
395,击
396,流
397,备
398,兵
399,连
400,调
401,深
402,商
403,算
404,质
405,团
406,集
407,百
408,需
409,价
410,花
411,党
412,华
413,城
414,石
415,级
416,整
417,府
418,离
419,况
420,亚
421,请
422,技
423,际
424,约
425,示
426,复
427,病
428,息
429,究
430,线
431,似
432,官
433,火
434,断
435,精
436,满
437,支
438,视
439,消
440,越
441,器
442,容
443,照
444,须
445,九
446,增
447,研
448,写
449,称
450,企
451,八
452,功
453,吗
454,包
455,片
456,史
457,委
458,乎
459,查
460,轻
461,易
462,早
463,曾
464,除
465,农
466,找
467,装
468,广
469,显
470,吧
471,阿
472,李
473,标
474,谈
475,吃
476,图
477,念
478,六
479,引
480,历
481,首
482,医
483,局
484,突
485,专
486,费
487,号
488,尽
489,另
490,周
491,较
492,注
493,语
494,仅
495,考
496,落
497,青
498,随
499,选
500,列
501,武
502,红
503,响
504,虽
505,推
506,势
507,参
508,希
509,古
510,众
511,构
512,房
513,半
514,节
515,土
516,投
517,某
518,案
519,黑
520,维
521,革
522,划
523,敌
524,致
525,陈
526,律
527,足
528,态
529,护
530,七
531,兴
532,派
533,孩
534,验
535,责
536,营
537,星
538,够
539,章
540,音
541,跟
542,志
543,底
544,站
545,严
546,巴
547,例
548,防
549,族
550,供
551,效
552,续
553,施
554,留
555,讲
556,型
557,料
558,终
559,答
560,紧
561,黄
562,绝
563,奇
564,察
565,母
566,京
567,段
568,依
569,批
570,群
571,项
572,故
573,按
574,河
575,米
576,围
577,江
578,织
579,害
580,斗
581,双
582,境
583,客
584,纪
585,采
586,举
587,杀
588,攻
589,父
590,苏
591,密
592,低
593,朝
594,友
595,诉
596,止
597,细
598,愿
599,千
600,值
601,仍
602,男
603,钱
604,破
605,网
606,热
607,助
608,倒
609,育
610,属
611,坐
612,帝
613,限
614,船
615,脸
616,职
617,速
618,刻
619,乐
620,否
621,刚
622,威
623,毛
624,状
625,率
626,甚
627,独
628,球
629,般
630,普
631,怕
632,弹
633,校
634,苦
635,创
636,假
637,久
638,错
639,承
640,印
641,晚
642,兰
643,试
644,股
645,拿
646,脑
647,预
648,谁
649,益
650,阳
651,若
652,哪
653,微
654,尼
655,继
656,送
657,急
658,血
659,惊
660,伤
661,素
662,药
663,适
664,波
665,夜
666,省
667,初
668,喜
669,卫
670,源
671,食
672,险
673,待
674,述
675,陆
676,习
677,置
678,居
679,劳
680,财
681,环
682,排
683,福
684,纳
685,欢
686,雷
687,警
688,获
689,模
690,充
691,负
692,云
693,停
694,木
695,游
696,龙
697,树
698,疑
699,层
700,冷
701,洲
702,冲
703,射
704,略
705,范
706,竟
707,句
708,室
709,异
710,激
711,汉
712,村
713,哈
714,策
715,演
716,简
717,卡
718,罪
719,判
720,担
721,州
722,静
723,退
724,既
725,衣
726,您
727,宗
728,积
729,余
730,痛
731,检
732,差
733,富
734,灵
735,协
736,角
737,占
738,配
739,征
740,修
741,皮
742,挥
743,胜
744,降
745,阶
746,审
747,沉
748,坚
749,善
750,妈
751,刘
752,读
753,啊
754,超
755,免
756,压
757,银
758,买
759,皇
760,养
761,伊
762,怀
763,执
764,副
765,乱
766,抗
767,犯
768,追
769,帮
770,宣
771,佛
772,岁
773,航
774,优
775,怪
776,香
777,著
778,田
779,铁
780,控
781,税
782,左
783,右
784,份
785,穿
786,艺
787,背
788,阵
789,草
790,脚
791,概
792,恶
793,块
794,顿
795,敢
796,守
797,酒
798,岛
799,托
800,央
801,户
802,烈
803,洋
804,哥
805,索
806,胡
807,款
808,靠
809,评
810,版
811,宝
812,座
813,释
814,景
815,顾
816,弟
817,登
818,货
819,互
820,付
821,伯
822,慢
823,欧
824,换
825,闻
826,危
827,忙
828,核
829,暗
830,姐
831,介
832,坏
833,讨
834,丽
835,良
836,序
837,升
838,监
839,临
840,亮
841,露
842,永
843,呼
844,味
845,野
846,架
847,域
848,沙
849,掉
850,括
851,舰
852,鱼
853,杂
854,误
855,湾
856,吉
857,减
858,编
859,楚
860,肯
861,测
862,败
863,屋
864,跑
865,梦
866,散
867,温
868,困
869,剑
870,渐
871,封
872,救
873,贵
874,枪
875,缺
876,楼
877,县
878,尚
879,毫
880,移
881,娘
882,朋
883,画
884,班
885,智
886,亦
887,耳
888,恩
889,短
890,掌
891,恐
892,遗
893,固
894,席
895,松
896,秘
897,谢
898,鲁
899,遇
900,康
901,虑
902,幸
903,均
904,销
905,钟
906,诗
907,藏
908,赶
909,剧
910,票
911,损
912,忽
913,巨
914,炮
915,旧
916,端
917,探
918,湖
919,录
920,叶
921,春
922,乡
923,附
924,吸
925,予
926,礼
927,港
928,雨
929,呀
930,板
931,庭
932,妇
933,归
934,睛
935,饭
936,额
937,含
938,顺
939,输
940,摇
941,招
942,婚
943,脱
944,补
945,谓
946,督
947,毒
948,油
949,疗
950,旅
951,泽
952,材
953,灭
954,逐
955,莫
956,笔
957,亡
958,鲜
959,词
960,圣
961,择
962,寻
963,厂
964,睡
965,博
966,勒
967,烟
968,授
969,诺
970,伦
971,岸
972,奥
973,唐
974,卖
975,俄
976,炸
977,载
978,洛
979,健
980,堂
981,旁
982,宫
983,喝
984,借
985,君
986,禁
987,阴
988,园
989,谋
990,宋
991,避
992,抓
993,荣
994,姑
995,孙
996,逃
997,牙
998,束
999,跳
1000,顶
1001,玉
1002,镇
1003,雪
1004,午
1005,练
1006,迫
1007,爷
1008,篇
1009,肉
1010,嘴
1011,馆
1012,遍
1013,凡
1014,础
1015,洞
1016,卷
1017,坦
1018,牛
1019,宁
1020,纸
1021,诸
1022,训
1023,私
1024,庄
1025,祖
1026,丝
1027,翻
1028,暴
1029,森
1030,塔
1031,默
1032,握
1033,戏
1034,隐
1035,熟
1036,骨
1037,访
1038,弱
1039,蒙
1040,歌
1041,店
1042,鬼
1043,软
1044,典
1045,欲
1046,萨
1047,伙
1048,遭
1049,盘
1050,爸
1051,扩
1052,盖
1053,弄
1054,雄
1055,稳
1056,忘
1057,亿
1058,刺
1059,拥
1060,徒
1061,姆
1062,杨
1063,齐
1064,赛
1065,趣
1066,曲
1067,刀
1068,床
1069,迎
1070,冰
1071,虚
1072,玩
1073,析
1074,窗
1075,醒
1076,妻
1077,透
1078,购
1079,替
1080,塞
1081,努
1082,休
1083,虎
1084,扬
1085,途
1086,侵
1087,刑
1088,绿
1089,兄
1090,迅
1091,套
1092,贸
1093,毕
1094,唯
1095,谷
1096,轮
1097,库
1098,迹
1099,尤
1100,竞
1101,街
1102,促
1103,延
1104,震
1105,弃
1106,甲
1107,伟
1108,麻
1109,川
1110,申
1111,缓
1112,潜
1113,闪
1114,售
1115,灯
1116,针
1117,哲
1118,络
1119,抵
1120,朱
1121,埃
1122,抱
1123,鼓
1124,植
1125,纯
1126,夏
1127,忍
1128,页
1129,杰
1130,筑
1131,折
1132,郑
1133,贝
1134,尊
1135,吴
1136,秀
1137,混
1138,臣
1139,雅
1140,振
1141,染
1142,盛
1143,怒
1144,舞
1145,圆
1146,搞
1147,狂
1148,措
1149,姓
1150,残
1151,秋
1152,培
1153,迷
1154,诚
1155,宽
1156,宇
1157,猛
1158,摆
1159,梅
1160,毁
1161,伸
1162,摩
1163,盟
1164,末
1165,乃
1166,悲
1167,拍
1168,丁
1169,赵
1170,硬
1171,麦
1172,蒋
1173,操
1174,耶
1175,阻
1176,订
1177,彩
1178,抽
1179,赞
1180,魔
1181,纷
1182,沿
1183,喊
1184,违
1185,妹
1186,浪
1187,汇
1188,币
1189,丰
1190,蓝
1191,殊
1192,献
1193,桌
1194,啦
1195,瓦
1196,莱
1197,援
1198,译
1199,夺
1200,汽
1201,烧
1202,距
1203,裁
1204,偏
1205,符
1206,勇
1207,触
1208,课
1209,敬
1210,哭
1211,懂
1212,墙
1213,袭
1214,召
1215,罚
1216,侠
1217,厅
1218,拜
1219,巧
1220,侧
1221,韩
1222,冒
1223,债
1224,曼
1225,融
1226,惯
1227,享
1228,戴
1229,童
1230,犹
1231,乘
1232,挂
1233,奖
1234,绍
1235,厚
1236,纵
1237,障
1238,讯
1239,涉
1240,彻
1241,刊
1242,丈
1243,爆
1244,乌
1245,役
1246,描
1247,洗
1248,玛
1249,患
1250,妙
1251,镜
1252,唱
1253,烦
1254,签
1255,仙
1256,彼
1257,弗
1258,症
1259,仿
1260,倾
1261,牌
1262,陷
1263,鸟
1264,轰
1265,咱
1266,菜
1267,闭
1268,奋
1269,庆
1270,撤
1271,泪
1272,茶
1273,疾
1274,缘
1275,播
1276,朗
1277,杜
1278,奶
1279,季
1280,丹
1281,狗
1282,尾
1283,仪
1284,偷
1285,奔
1286,珠
1287,虫
1288,驻
1289,孔
1290,宜
1291,艾
1292,桥
1293,淡
1294,翼
1295,恨
1296,繁
1297,寒
1298,伴
1299,叹
1300,旦
1301,愈
1302,潮
1303,粮
1304,缩
1305,罢
1306,聚
1307,径
1308,恰
1309,挑
1310,袋
1311,灰
1312,捕
1313,徐
1314,珍
1315,幕
1316,映
1317,裂
1318,泰
1319,隔
1320,启
1321,尖
1322,忠
1323,累
1324,炎
1325,暂
1326,估
1327,泛
1328,荒
1329,偿
1330,横
1331,拒
1332,瑞
1333,忆
1334,孤
1335,鼻
1336,闹
1337,羊
1338,呆
1339,厉
1340,衡
1341,胞
1342,零
1343,穷
1344,舍
1345,码
1346,赫
1347,婆
1348,魂
1349,灾
1350,洪
1351,腿
1352,胆
1353,津
1354,俗
1355,辩
1356,胸
1357,晓
1358,劲
1359,贫
1360,仁
1361,偶
1362,辑
1363,邦
1364,恢
1365,赖
1366,圈
1367,摸
1368,仰
1369,润
1370,堆
1371,碰
1372,艇
1373,稍
1374,迟
1375,辆
1376,废
1377,净
1378,凶
1379,署
1380,壁
1381,御
1382,奉
1383,旋
1384,冬
1385,矿
1386,抬
1387,蛋
1388,晨
1389,伏
1390,吹
1391,鸡
1392,倍
1393,糊
1394,秦
1395,盾
1396,杯
1397,租
1398,骑
1399,乏
1400,隆
1401,诊
1402,奴
1403,摄
1404,丧
1405,污
1406,渡
1407,旗
1408,甘
1409,耐
1410,凭
1411,扎
1412,抢
1413,绪
1414,粗
1415,肩
1416,梁
1417,幻
1418,菲
1419,皆
1420,碎
1421,宙
1422,叔
1423,岩
1424,荡
1425,综
1426,爬
1427,荷
1428,悉
1429,蒂
1430,返
1431,井
1432,壮
1433,薄
1434,悄
1435,扫
1436,敏
1437,碍
1438,殖
1439,详
1440,迪
1441,矛
1442,霍
1443,允
1444,幅
1445,撒
1446,剩
1447,凯
1448,颗
1449,骂
1450,赏
1451,液
1452,番
1453,箱
1454,贴
1455,漫
1456,酸
1457,郎
1458,腰
1459,舒
1460,眉
1461,忧
1462,浮
1463,辛
1464,恋
1465,餐
1466,吓
1467,挺
1468,励
1469,辞
1470,艘
1471,键
1472,伍
1473,峰
1474,尺
1475,昨
1476,黎
1477,辈
1478,贯
1479,侦
1480,滑
1481,券
1482,崇
1483,扰
1484,宪
1485,绕
1486,趋
1487,慈
1488,乔
1489,阅
1490,汗
1491,枝
1492,拖
1493,墨
1494,胁
1495,插
1496,箭
1497,腊
1498,粉
1499,泥
1500,氏
1501,彭
1502,拔
1503,骗
1504,凤
1505,慧
1506,媒
1507,佩
1508,愤
1509,扑
1510,龄
1511,驱
1512,惜
1513,豪
1514,掩
1515,兼
1516,跃
1517,尸
1518,肃
1519,帕
1520,驶
1521,堡
1522,届
1523,欣
1524,惠
1525,册
1526,储
1527,飘
1528,桑
1529,闲
1530,惨
1531,洁
1532,踪
1533,勃
1534,宾
1535,频
1536,仇
1537,磨
1538,递
1539,邪
1540,撞
1541,拟
1542,滚
1543,奏
1544,巡
1545,颜
1546,剂
1547,绩
1548,贡
1549,疯
1550,坡
1551,瞧
1552,截
1553,燃
1554,焦
1555,殿
1556,伪
1557,柳
1558,锁
1559,逼
1560,颇
1561,昏
1562,劝
1563,呈
1564,搜
1565,勤
1566,戒
1567,驾
1568,漂
1569,饮
1570,曹
1571,朵
1572,仔
1573,柔
1574,俩
1575,孟
1576,腐
1577,幼
1578,践
1579,籍
1580,牧
1581,凉
1582,牲
1583,佳
1584,娜
1585,浓
1586,芳
1587,稿
1588,竹
1589,腹
1590,跌
1591,逻
1592,垂
1593,遵
1594,脉
1595,貌
1596,柏
1597,狱
1598,猜
1599,怜
1600,惑
1601,陶
1602,兽
1603,帐
1604,饰
1605,贷
1606,昌
1607,叙
1608,躺
1609,钢
1610,沟
1611,寄
1612,扶
1613,铺
1614,邓
1615,寿
1616,惧
1617,询
1618,汤
1619,盗
1620,肥
1621,尝
1622,匆
1623,辉
1624,奈
1625,扣
1626,廷
1627,澳
1628,嘛
1629,董
1630,迁
1631,凝
1632,慰
1633,厌
1634,脏
1635,腾
1636,幽
1637,怨
1638,鞋
1639,丢
1640,埋
1641,泉
1642,涌
1643,辖
1644,躲
1645,晋
1646,紫
1647,艰
1648,魏
1649,吾
1650,慌
1651,祝
1652,邮
1653,吐
1654,狠
1655,鉴
1656,曰
1657,械
1658,咬
1659,邻
1660,赤
1661,挤
1662,弯
1663,椅
1664,陪
1665,割
1666,揭
1667,韦
1668,悟
1669,聪
1670,雾
1671,锋
1672,梯
1673,猫
1674,祥
1675,阔
1676,誉
1677,筹
1678,丛
1679,牵
1680,鸣
1681,沈
1682,阁
1683,穆
1684,屈
1685,旨
1686,袖
1687,猎
1688,臂
1689,蛇
1690,贺
1691,柱
1692,抛
1693,鼠
1694,瑟
1695,戈
1696,牢
1697,逊
1698,迈
1699,欺
1700,吨
1701,琴
1702,衰
1703,瓶
1704,恼
1705,燕
1706,仲
1707,诱
1708,狼
1709,池
1710,疼
1711,卢
1712,仗
1713,冠
1714,粒
1715,遥
1716,吕
1717,玄
1718,尘
1719,冯
1720,抚
1721,浅
1722,敦
1723,纠
1724,钻
1725,晶
1726,岂
1727,峡
1728,苍
1729,喷
1730,耗
1731,凌
1732,敲
1733,菌
1734,赔
1735,涂
1736,粹
1737,扁
1738,亏
1739,寂
1740,煤
1741,熊
1742,恭
1743,湿
1744,循
1745,暖
1746,糖
1747,赋
1748,抑
1749,秩
1750,帽
1751,哀
1752,宿
1753,踏
1754,烂
1755,袁
1756,侯
1757,抖
1758,夹
1759,昆
1760,肝
1761,擦
1762,猪
1763,炼
1764,恒
1765,慎
1766,搬
1767,纽
1768,纹
1769,玻
1770,渔
1771,磁
1772,铜
1773,齿
1774,跨
1775,押
1776,怖
1777,漠
1778,疲
1779,叛
1780,遣
1781,兹
1782,祭
1783,醉
1784,拳
1785,弥
1786,斜
1787,档
1788,稀
1789,捷
1790,肤
1791,疫
1792,肿
1793,豆
1794,削
1795,岗
1796,晃
1797,吞
1798,宏
1799,癌
1800,肚
1801,隶
1802,履
1803,涨
1804,耀
1805,扭
1806,坛
1807,拨
1808,沃
1809,绘
1810,伐
1811,堪
1812,仆
1813,郭
1814,牺
1815,歼
1816,墓
1817,雇
1818,廉
1819,契
1820,拼
1821,惩
1822,捉
1823,覆
1824,刷
1825,劫
1826,嫌
1827,瓜
1828,歇
1829,雕
1830,闷
1831,乳
1832,串
1833,娃
1834,缴
1835,唤
1836,赢
1837,莲
1838,霸
1839,桃
1840,妥
1841,瘦
1842,搭
1843,赴
1844,岳
1845,嘉
1846,舱
1847,俊
1848,址
1849,庞
1850,耕
1851,锐
1852,缝
1853,悔
1854,邀
1855,玲
1856,惟
1857,斥
1858,宅
1859,添
1860,挖
1861,呵
1862,讼
1863,氧
1864,浩
1865,羽
1866,斤
1867,酷
1868,掠
1869,妖
1870,祸
1871,侍
1872,乙
1873,妨
1874,贪
1875,挣
1876,汪
1877,尿
1878,莉
1879,悬
1880,唇
1881,翰
1882,仓
1883,轨
1884,枚
1885,盐
1886,览
1887,傅
1888,帅
1889,庙
1890,芬
1891,屏
1892,寺
1893,胖
1894,璃
1895,愚
1896,滴
1897,疏
1898,萧
1899,姿
1900,颤
1901,丑
1902,劣
1903,柯
1904,寸
1905,扔
1906,盯
1907,辱
1908,匹
1909,俱
1910,辨
1911,饿
1912,蜂
1913,哦
1914,腔
1915,郁
1916,溃
1917,谨
1918,糟
1919,葛
1920,苗
1921,肠
1922,忌
1923,溜
1924,鸿
1925,爵
1926,鹏
1927,鹰
1928,笼
1929,丘
1930,桂
1931,滋
1932,聊
1933,挡
1934,纲
1935,肌
1936,茨
1937,壳
1938,痕
1939,碗
1940,穴
1941,膀
1942,卓
1943,贤
1944,卧
1945,膜
1946,毅
1947,锦
1948,欠
1949,哩
1950,函
1951,茫
1952,昂
1953,薛
1954,皱
1955,夸
1956,豫
1957,胃
1958,舌
1959,剥
1960,傲
1961,拾
1962,窝
1963,睁
1964,携
1965,陵
1966,哼
1967,棉
1968,晴
1969,铃
1970,填
1971,饲
1972,渴
1973,吻
1974,扮
1975,逆
1976,脆
1977,喘
1978,罩
1979,卜
1980,炉
1981,柴
1982,愉
1983,绳
1984,胎
1985,蓄
1986,眠
1987,竭
1988,喂
1989,傻
1990,慕
1991,浑
1992,奸
1993,扇
1994,柜
1995,悦
1996,拦
1997,诞
1998,饱
1999,乾
2000,泡
2001,贼
2002,亭
2003,夕
2004,爹
2005,酬
2006,儒
2007,姻
2008,卵
2009,氛
2010,泄
2011,杆
2012,挨
2013,僧
2014,蜜
2015,吟
2016,猩
2017,遂
2018,狭
2019,肖
2020,甜
2021,霞
2022,驳
2023,裕
2024,顽
2025,於
2026,摘
2027,矮
2028,秒
2029,卿
2030,畜
2031,咽
2032,披
2033,辅
2034,勾
2035,盆
2036,疆
2037,赌
2038,塑
2039,畏
2040,吵
2041,囊
2042,嗯
2043,泊
2044,肺
2045,骤
2046,缠
2047,冈
2048,羞
2049,瞪
2050,吊
2051,贾
2052,漏
2053,斑
2054,涛
2055,悠
2056,鹿
2057,俘
2058,锡
2059,卑
2060,葬
2061,铭
2062,滩
2063,嫁
2064,催
2065,璇
2066,翅
2067,盒
2068,蛮
2069,矣
2070,潘
2071,歧
2072,赐
2073,鲍
2074,锅
2075,廊
2076,拆
2077,灌
2078,勉
2079,盲
2080,宰
2081,佐
2082,啥
2083,胀
2084,扯
2085,禧
2086,辽
2087,抹
2088,筒
2089,棋
2090,裤
2091,唉
2092,朴
2093,咐
2094,孕
2095,誓
2096,喉
2097,妄
2098,拘
2099,链
2100,驰
2101,栏
2102,逝
2103,窃
2104,艳
2105,臭
2106,纤
2107,玑
2108,棵
2109,趁
2110,匠
2111,盈
2112,翁
2113,愁
2114,瞬
2115,婴
2116,孝
2117,颈
2118,倘
2119,浙
2120,谅
2121,蔽
2122,畅
2123,赠
2124,妮
2125,莎
2126,尉
2127,冻
2128,跪
2129,闯
2130,葡
2131,後
2132,厨
2133,鸭
2134,颠
2135,遮
2136,谊
2137,圳
2138,吁
2139,仑
2140,辟
2141,瘤
2142,嫂
2143,陀
2144,框
2145,谭
2146,亨
2147,钦
2148,庸
2149,歉
2150,芝
2151,吼
2152,甫
2153,衫
2154,摊
2155,宴
2156,嘱
2157,衷
2158,娇
2159,陕
2160,矩
2161,浦
2162,讶
2163,耸
2164,裸
2165,碧
2166,摧
2167,薪
2168,淋
2169,耻
2170,胶
2171,屠
2172,鹅
2173,饥
2174,盼
2175,脖
2176,虹
2177,翠
2178,崩
2179,账
2180,萍
2181,逢
2182,赚
2183,撑
2184,翔
2185,倡
2186,绵
2187,猴
2188,枯
2189,巫
2190,昭
2191,怔
2192,渊
2193,凑
2194,溪
2195,蠢
2196,禅
2197,阐
2198,旺
2199,寓
2200,藤
2201,匪
2202,伞
2203,碑
2204,挪
2205,琼
2206,脂
2207,谎
2208,慨
2209,菩
2210,萄
2211,狮
2212,掘
2213,抄
2214,岭
2215,晕
2216,逮
2217,砍
2218,掏
2219,狄
2220,晰
2221,罕
2222,挽
2223,脾
2224,舟
2225,痴
2226,蔡
2227,剪
2228,脊
2229,弓
2230,懒
2231,叉
2232,拐
2233,喃
2234,僚
2235,捐
2236,姊
2237,骚
2238,拓
2239,歪
2240,粘
2241,柄
2242,坑
2243,陌
2244,窄
2245,湘
2246,兆
2247,崖
2248,骄
2249,刹
2250,鞭
2251,芒
2252,筋
2253,聘
2254,钩
2255,棍
2256,嚷
2257,腺
2258,弦
2259,焰
2260,耍
2261,俯
2262,厘
2263,愣
2264,厦
2265,恳
2266,饶
2267,钉
2268,寡
2269,憾
2270,摔
2271,叠
2272,惹
2273,喻
2274,谱
2275,愧
2276,煌
2277,徽
2278,溶
2279,坠
2280,煞
2281,巾
2282,滥
2283,洒
2284,堵
2285,瓷
2286,咒
2287,姨
2288,棒
2289,郡
2290,浴
2291,媚
2292,稣
2293,淮
2294,哎
2295,屁
2296,漆
2297,淫
2298,巢
2299,吩
2300,撰
2301,啸
2302,滞
2303,玫
2304,硕
2305,钓
2306,蝶
2307,膝
2308,姚
2309,茂
2310,躯
2311,吏
2312,猿
2313,寨
2314,恕
2315,渠
2316,戚
2317,辰
2318,舶
2319,颁
2320,惶
2321,狐
2322,讽
2323,笨
2324,袍
2325,嘲
2326,啡
2327,泼
2328,衔
2329,倦
2330,涵
2331,雀
2332,旬
2333,僵
2334,撕
2335,肢
2336,垄
2337,夷
2338,逸
2339,茅
2340,侨
2341,舆
2342,窑
2343,涅
2344,蒲
2345,谦
2346,杭
2347,噢
2348,弊
2349,勋
2350,刮
2351,郊
2352,凄
2353,捧
2354,浸
2355,砖
2356,鼎
2357,篮
2358,蒸
2359,饼
2360,亩
2361,肾
2362,陡
2363,爪
2364,兔
2365,殷
2366,贞
2367,荐
2368,哑
2369,炭
2370,坟
2371,眨
2372,搏
2373,咳
2374,拢
2375,舅
2376,昧
2377,擅
2378,爽
2379,咖
2380,搁
2381,禄
2382,雌
2383,哨
2384,巩
2385,绢
2386,螺
2387,裹
2388,昔
2389,轩
2390,谬
2391,谍
2392,龟
2393,媳
2394,姜
2395,瞎
2396,冤
2397,鸦
2398,蓬
2399,巷
2400,琳
2401,栽
2402,沾
2403,诈
2404,斋
2405,瞒
2406,彪
2407,厄
2408,咨
2409,纺
2410,罐
2411,桶
2412,壤
2413,糕
2414,颂
2415,膨
2416,谐
2417,垒
2418,咕
2419,隙
2420,辣
2421,绑
2422,宠
2423,嘿
2424,兑
2425,霉
2426,挫
2427,稽
2428,辐
2429,乞
2430,纱
2431,裙
2432,嘻
2433,哇
2434,绣
2435,杖
2436,塘
2437,衍
2438,轴
2439,攀
2440,膊
2441,譬
2442,斌
2443,祈
2444,踢
2445,肆
2446,坎
2447,轿
2448,棚
2449,泣
2450,屡
2451,躁
2452,邱
2453,凰
2454,溢
2455,椎
2456,砸
2457,趟
2458,帘
2459,帆
2460,栖
2461,窜
2462,丸
2463,斩
2464,堤
2465,塌
2466,贩
2467,厢
2468,掀
2469,喀
2470,乖
2471,谜
2472,捏
2473,阎
2474,滨
2475,虏
2476,匙
2477,芦
2478,苹
2479,卸
2480,沼
2481,钥
2482,株
2483,祷
2484,剖
2485,熙
2486,哗
2487,劈
2488,怯
2489,棠
2490,胳
2491,桩
2492,瑰
2493,娱
2494,娶
2495,沫
2496,嗓
2497,蹲
2498,焚
2499,淘
2500,嫩
2501,韵
2502,衬
2503,匈
2504,钧
2505,竖
2506,峻
2507,豹
2508,捞
2509,菊
2510,鄙
2511,魄
2512,兜
2513,哄
2514,颖
2515,镑
2516,屑
2517,蚁
2518,壶
2519,怡
2520,渗
2521,秃
2522,迦
2523,旱
2524,哟
2525,咸
2526,焉
2527,谴
2528,宛
2529,稻
2530,铸
2531,锻
2532,伽
2533,詹
2534,毙
2535,恍
2536,贬
2537,烛
2538,骇
2539,芯
2540,汁
2541,桓
2542,坊
2543,驴
2544,朽
2545,靖
2546,佣
2547,汝
2548,碌
2549,迄
2550,冀
2551,荆
2552,崔
2553,雁
2554,绅
2555,珊
2556,榜
2557,诵
2558,傍
2559,彦
2560,醇
2561,笛
2562,禽
2563,勿
2564,娟
2565,瞄
2566,幢
2567,寇
2568,睹
2569,贿
2570,踩
2571,霆
2572,呜
2573,拱
2574,妃
2575,蔑
2576,谕
2577,缚
2578,诡
2579,篷
2580,淹
2581,腕
2582,煮
2583,倩
2584,卒
2585,勘
2586,馨
2587,逗
2588,甸
2589,贱
2590,炒
2591,灿
2592,敞
2593,蜡
2594,囚
2595,栗
2596,辜
2597,垫
2598,妒
2599,魁
2600,谣
2601,寞
2602,蜀
2603,甩
2604,涯
2605,枕
2606,丐
2607,泳
2608,奎
2609,泌
2610,逾
2611,叮
2612,黛
2613,燥
2614,掷
2615,藉
2616,枢
2617,憎
2618,鲸
2619,弘
2620,倚
2621,侮
2622,藩
2623,拂
2624,鹤
2625,蚀
2626,浆
2627,芙
2628,垃
2629,烤
2630,晒
2631,霜
2632,剿
2633,蕴
2634,圾
2635,绸
2636,屿
2637,氢
2638,驼
2639,妆
2640,捆
2641,铅
2642,逛
2643,淑
2644,榴
2645,丙
2646,痒
2647,钞
2648,蹄
2649,犬
2650,躬
2651,昼
2652,藻
2653,蛛
2654,褐
2655,颊
2656,奠
2657,募
2658,耽
2659,蹈
2660,陋
2661,侣
2662,魅
2663,岚
2664,侄
2665,虐
2666,堕
2667,陛
2668,莹
2669,荫
2670,狡
2671,阀
2672,绞
2673,膏
2674,垮
2675,茎
2676,缅
2677,喇
2678,绒
2679,搅
2680,凳
2681,梭
2682,丫
2683,姬
2684,诏
2685,钮
2686,棺
2687,耿
2688,缔
2689,懈
2690,嫉
2691,灶
2692,匀
2693,嗣
2694,鸽
2695,澡
2696,凿
2697,纬
2698,沸
2699,畴
2700,刃
2701,遏
2702,烁
2703,嗅
2704,叭
2705,熬
2706,瞥
2707,骸
2708,奢
2709,拙
2710,栋
2711,毯
2712,桐
2713,砂
2714,莽
2715,泻
2716,坪
2717,梳
2718,杉
2719,晤
2720,稚
2721,蔬
2722,蝇
2723,捣
2724,顷
2725,麽
2726,尴
2727,镖
2728,诧
2729,尬
2730,硫
2731,嚼
2732,羡
2733,沦
2734,沪
2735,旷
2736,彬
2737,芽
2738,狸
2739,冥
2740,碳
2741,咧
2742,惕
2743,暑
2744,咯
2745,萝
2746,汹
2747,腥
2748,窥
2749,俺
2750,潭
2751,崎
2752,麟
2753,捡
2754,拯
2755,厥
2756,澄
2757,萎
2758,哉
2759,涡
2760,滔
2761,暇
2762,溯
2763,鳞
2764,酿
2765,茵
2766,愕
2767,瞅
2768,暮
2769,衙
2770,诫
2771,斧
2772,兮
2773,焕
2774,棕
2775,佑
2776,嘶
2777,妓
2778,喧
2779,蓉
2780,删
2781,樱
2782,伺
2783,嗡
2784,娥
2785,梢
2786,坝
2787,蚕
2788,敷
2789,澜
2790,杏
2791,绥
2792,冶
2793,庇
2794,挠
2795,搂
2796,倏
2797,聂
2798,婉
2799,噪
2800,稼
2801,鳍
2802,菱
2803,盏
2804,匿
2805,吱
2806,寝
2807,揽
2808,髓
2809,秉
2810,哺
2811,矢
2812,啪
2813,帜
2814,邵
2815,嗽
2816,挟
2817,缸
2818,揉
2819,腻
2820,驯
2821,缆
2822,晌
2823,瘫
2824,贮
2825,觅
2826,朦
2827,僻
2828,隋
2829,蔓
2830,咋
2831,嵌
2832,虔
2833,畔
2834,琐
2835,碟
2836,涩
2837,胧
2838,嘟
2839,蹦
2840,冢
2841,浏
2842,裔
2843,襟
2844,叨
2845,诀
2846,旭
2847,虾
2848,簿
2849,啤
2850,擒
2851,枣
2852,嘎
2853,苑
2854,牟
2855,呕
2856,骆
2857,凸
2858,熄
2859,兀
2860,喔
2861,裳
2862,凹
2863,赎
2864,屯
2865,膛
2866,浇
2867,灼
2868,裘
2869,砰
2870,棘
2871,橡
2872,碱
2873,聋
2874,姥
2875,瑜
2876,毋
2877,娅
2878,沮
2879,萌
2880,俏
2881,黯
2882,撇
2883,粟
2884,粪
2885,尹
2886,苟
2887,癫
2888,蚂
2889,禹
2890,廖
2891,俭
2892,帖
2893,煎
2894,缕
2895,窦
2896,簇
2897,棱
2898,叩
2899,呐
2900,瑶
2901,墅
2902,莺
2903,烫
2904,蛙
2905,歹
2906,伶
2907,葱
2908,哮
2909,眩
2910,坤
2911,廓
2912,讳
2913,啼
2914,乍
2915,瓣
2916,矫
2917,跋
2918,枉
2919,梗
2920,厕
2921,琢
2922,讥
2923,釉
2924,窟
2925,敛
2926,轼
2927,庐
2928,胚
2929,呻
2930,绰
2931,扼
2932,懿
2933,炯
2934,竿
2935,慷
2936,虞
2937,锤
2938,栓
2939,桨
2940,蚊
2941,磅
2942,孽
2943,惭
2944,戳
2945,禀
2946,鄂
2947,馈
2948,垣
2949,溅
2950,咚
2951,钙
2952,礁
2953,彰
2954,豁
2955,眯
2956,磷
2957,雯
2958,墟
2959,迂
2960,瞻
2961,颅
2962,琉
2963,悼
2964,蝴
2965,拣
2966,渺
2967,眷
2968,悯
2969,汰
2970,慑
2971,婶
2972,斐
2973,嘘
2974,镶
2975,炕
2976,宦
2977,趴
2978,绷
2979,窘
2980,襄
2981,珀
2982,嚣
2983,拚
2984,酌
2985,浊
2986,毓
2987,撼
2988,嗜
2989,扛
2990,峭
2991,磕
2992,翘
2993,槽
2994,淌
2995,栅
2996,颓
2997,熏
2998,瑛
2999,颐
3000,忖
3001,牡
3002,缀
3003,徊
3004,梨
3005,肪
3006,涕
3007,惫
3008,摹
3009,踱
3010,肘
3011,熔
3012,挚
3013,氯
3014,凛
3015,绎
3016,庶
3017,脯
3018,迭
3019,睦
3020,窍
3021,粥
3022,庵
3023,沧
3024,怠
3025,沁
3026,奕
3027,咙
3028,氨
3029,矗
3030,盔
3031,拇
3032,沛
3033,榻
3034,揣
3035,崭
3036,鞘
3037,鞠
3038,垦
3039,洽
3040,唾
3041,橱
3042,仕
3043,蜘
3044,痰
3045,袜
3046,峙
3047,柬
3048,蝉
3049,蟹
3050,谏
3051,鹃
3052,擎
3053,皓
3054,朕
3055,疤
3056,禺
3057,铲
3058,酶
3059,钝
3060,氓
3061,匣
3062,弧
3063,峨
3064,锥
3065,揪
3066,杠
3067,吭
3068,崛
3069,诬
3070,冉
3071,抒
3072,庚
3073,悍
3074,靡
3075,晦
3076,醋
3077,壕
3078,锯
3079,夭
3080,咦
3081,侈
3082,婢
3083,猾
3084,徘
3085,硝
3086,煽
3087,皂
3088,舵
3089,嗦
3090,狈
3091,靴
3092,捂
3093,疮
3094,郝
3095,苛
3096,秽
3097,茜
3098,搓
3099,芸
3100,酱
3101,赁
3102,檐
3103,饷
3104,蕉
3105,铀
3106,苔
3107,赦
3108,缎
3109,舷
3110,筷
3111,朔
3112,婪
3113,紊
3114,厮
3115,婿
3116,寥
3117,兢
3118,糙
3119,卦
3120,槐
3121,扒
3122,裴
3123,祀
3124,埔
3125,絮
3126,芭
3127,屉
3128,痪
3129,霄
3130,绽
3131,宵
3132,邑
3133,霖
3134,岔
3135,饵
3136,茄
3137,韧
3138,琪
3139,邹
3140,瑚
3141,憋
3142,殆
3143,噜
3144,忒
3145,忿
3146,衅
3147,淳
3148,悖
3149,髦
3150,孜
3151,粤
3152,隘
3153,濒
3154,铮
3155,畸
3156,剔
3157,坞
3158,篱
3159,淀
3160,蓦
3161,唬
3162,锣
3163,汀
3164,趾
3165,缉
3166,嫦
3167,斟
3168,鞍
3169,扳
3170,拴
3171,诅
3172,谟
3173,呃
3174,懦
3175,逞
3176,犁
3177,忏
3178,拧
3179,亥
3180,佟
3181,叱
3182,舜
3183,绊
3184,龚
3185,腮
3186,邸
3187,椒
3188,蔚
3189,湛
3190,狩
3191,眶
3192,栈
3193,薇
3194,肮
3195,瀑
3196,渣
3197,褂
3198,叽
3199,臀
3200,妞
3201,巍
3202,唔
3203,疚
3204,鲤
3205,戎
3206,肇
3207,笃
3208,辙
3209,娴
3210,阮
3211,札
3212,懊
3213,焘
3214,恤
3215,疹
3216,潇
3217,铝
3218,涤
3219,恃
3220,喽
3221,砌
3222,遁
3223,楞
3224,阱
3225,咎
3226,洼
3227,炳
3228,噬
3229,枫
3230,拷
3231,哆
3232,矶
3233,苇
3234,翩
3235,窒
3236,侬
3237,靶
3238,胰
3239,芜
3240,辫
3241,嚎
3242,妾
3243,幌
3244,踉
3245,佃
3246,葫
3247,皖
3248,拽
3249,滤
3250,睬
3251,俞
3252,匕
3253,谤
3254,嗤
3255,捍
3256,孵
3257,倪
3258,瘾
3259,敝
3260,匡
3261,磋
3262,绫
3263,淆
3264,尧
3265,蕊
3266,烘
3267,璋
3268,亢
3269,轧
3270,赂
3271,蝗
3272,榆
3273,骏
3274,诛
3275,勺
3276,梵
3277,炽
3278,笠
3279,颌
3280,闸
3281,狒
3282,樊
3283,镕
3284,垢
3285,瘟
3286,缪
3287,菇
3288,琦
3289,剃
3290,迸
3291,溺
3292,炫
3293,惚
3294,嗨
3295,陨
3296,赃
3297,羁
3298,臻
3299,嘀
3300,膳
3301,赣
3302,踌
3303,殉
3304,桔
3305,瞿
3306,闽
3307,豚
3308,掺
3309,沌
3310,惰
3311,喳
3312,椭
3313,咪
3314,霎
3315,侃
3316,猝
3317,窖
3318,戮
3319,祠
3320,瞩
3321,菁
3322,躇
3323,佬
3324,肋
3325,咄
3326,忡
3327,雍
3328,忱
3329,蕾
3330,跄
3331,硅
3332,伎
3333,炊
3334,钊
3335,蝠
3336,屎
3337,拭
3338,谛
3339,褪
3340,丞
3341,卉
3342,隧
3343,茸
3344,钳
3345,啃
3346,伢
3347,闺
3348,舔
3349,蹬
3350,挛
3351,眺
3352,袱
3353,陇
3354,殴
3355,柿
3356,梧
3357,惺
3358,弛
3359,侥
3360,琛
3361,捅
3362,酝
3363,薯
3364,曳
3365,澈
3366,锈
3367,稠
3368,眸
3369,咆
3370,簧
3371,鸥
3372,疡
3373,渎
3374,汲
3375,嬉
3376,脓
3377,骡
3378,穗
3379,槛
3380,拎
3381,巳
3382,邢
3383,廿
3384,搀
3385,曙
3386,樵
3387,隅
3388,筛
3389,谒
3390,倭
3391,痹
3392,猖
3393,佯
3394,肛
3395,奚
3396,甭
3397,抨
3398,蛾
3399,唠
3400,荧
3401,嵩
3402,漱
3403,酋
3404,攘
3405,诘
3406,篡
3407,睿
3408,噩
3409,怅
3410,盎
3411,徙
3412,鞅
3413,漓
3414,祟
3415,睫
3416,攸
3417,翎
3418,呛
3419,筐
3420,堑
3421,檀
3422,寅
3423,磊
3424,驭
3425,惘
3426,吠
3427,驮
3428,瑙
3429,炬
3430,痉
3431,曝
3432,恺
3433,胺
3434,萤
3435,敕
3436,筝
3437,幡
3438,霹
3439,竺
3440,烙
3441,毗
3442,鸠
3443,埠
3444,蒜
3445,阜
3446,嘈
3447,乒
3448,帷
3449,啄
3450,鳌
3451,毡
3452,阙
3453,褥
3454,搔
3455,笋
3456,冕
3457,狞
3458,韶
3459,骼
3460,蔼
3461,烹
3462,奄
3463,嫖
3464,沐
3465,噗
3466,岑
3467,蛟
3468,掳
3469,咏
3470,弩
3471,捻
3472,圃
3473,孚
3474,悴
3475,诣
3476,呱
3477,祁
3478,捶
3479,钠
3480,袄
3481,澎
3482,氮
3483,恪
3484,雏
3485,撮
3486,堰
3487,彷
3488,鹦
3489,晖
3490,犀
3491,腑
3492,沽
3493,橄
3494,掐
3495,亵
3496,龋
3497,嗒
3498,咀
3499,祺
3500,锚
3501,匾
3502,乓
3503,萃
3504,贻
3505,揖
3506,觑
3507,吝
3508,憔
3509,羌
3510,诲
3511,砾
3512,蠕
3513,肴
3514,撩
3515,坍
3516,酥
3517,袅
3518,黝
3519,俾
3520,嫣
3521,穹
3522,秧
3523,妊
3524,溉
3525,鹊
3526,聿
3527,疙
3528,蘑
3529,睾
3530,楷
3531,酵
3532,茹
3533,锌
3534,滇
3535,辗
3536,纂
3537,圭
3538,幔
3539,褒
3540,揍
3541,诽
3542,倔
3543,腓
3544,颉
3545,锄
3546,嗔
3547,磺
3548,攒
3549,瘩
3550,雳
3551,吆
3552,悚
3553,墩
3554,彝
3555,囱
3556,逍
3557,辄
3558,桅
3559,俨
3560,纶
3561,悸
3562,殃
3563,帧
3564,俐
3565,绮
3566,袒
3567,籽
3568,孰
3569,愫
3570,拌
3571,橙
3572,暨
3573,敖
3574,赘
3575,抉
3576,淤
3577,剌
3578,娼
3579,顼
3580,葵
3581,哝
3582,酣
3583,麓
3584,钵
3585,琅
3586,簸
3587,禾
3588,铢
3589,璧
3590,娠
3591,彗
3592,惋
3593,腋
3594,螂
3595,阪
3596,掣
3597,劾
3598,沥
3599,粱
3600,嚓
3601,惮
3602,氖
3603,捎
3604,羔
3605,俟
3606,渲
3607,榄
3608,茧
3609,霓
3610,鹉
3611,胥
3612,琶
3613,撬
3614,橘
3615,醫
3616,拈
3617,笆
3618,痊
3619,亟
3620,渭
3621,狙
3622,珂
3623,刨
3624,蜕
3625,谚
3626,憧
3627,瞟
3628,馒
3629,拗
3630,帚
3631,钗
3632,哧
3633,喋
3634,箫
3635,刁
3636,怦
3637,缭
3638,迥
3639,湄
3640,磐
3641,渝
3642,冗
3643,闵
3644,噶
3645,黏
3646,蕃
3647,弼
3648,驿
3649,淄
3650,饺
3651,踞
3652,韬
3653,婷
3654,唆
3655,蜒
3656,偎
3657,榨
3658,漉
3659,碉
3660,皈
3661,矜
3662,笈
3663,枷
3664,鲨
3665,蹑
3666,瀚
3667,酪
3668,谑
3669,癖
3670,烬
3671,揩
3672,炙
3673,蜷
3674,侏
3675,凋
3676,漪
3677,悻
3678,蹋
3679,讪
3680,搐
3681,碘
3682,帛
3683,诠
3684,碾
3685,擂
3686,苯
3687,诃
3688,铎
3689,戊
3690,荀
3691,驹
3692,攫
3693,憬
3694,哽
3695,踵
3696,蟒
3697,漾
3698,啧
3699,吮
3700,楠
3701,氟
3702,怂
3703,叼
3704,竣
3705,偕
3706,漩
3707,蹭
3708,翌
3709,臆
3710,挝
3711,绚
3712,崽
3713,糜
3714,瘢
3715,跤
3716,阑
3717,恬
3718,豢
3719,汶
3720,跷
3721,琵
3722,憨
3723,蜗
3724,螅
3725,惴
3726,戟
3727,匮
3728,恙
3729,抿
3730,桢
3731,笺
3732,蛤
3733,瞳
3734,藥
3735,瓢
3736,衹
3737,秤
3738,跺
3739,潦
3740,芹
3741,哒
3742,饬
3743,栩
3744,曦
3745,骷
3746,嫡
3747,卤
3748,丕
3749,鬓
3750,梓
3751,嗖
3752,惦
3753,浚
3754,咔
3755,藐
3756,荃
3757,唧
3758,玺
3759,汛
3760,铐
3761,髅
3762,渤
3763,皿
3764,箍
3765,馅
3766,汾
3767,戍
3768,痔
3769,褶
3770,聆
3771,涎
3772,汞
3773,渍
3774,奂
3775,巅
3776,疣
3777,傩
3778,逵
3779,耆
3780,蟋
3781,鳄
3782,讹
3783,膺
3784,蹿
3785,筏
3786,釜
3787,沂
3788,坯
3789,峦
3790,茬
3791,摒
3792,蟀
3793,撵
3794,浒
3795,缤
3796,嵋
3797,珑
3798,苞
3799,瑾
3800,泵
3801,钾
3802,暧
3803,赓
3804,叟
3805,佚
3806,沓
3807,撂
3808,蛊
3809,甥
3810,璐
3811,晏
3812,瘪
3813,漳
3814,阉
3815,蹂
3816,鳃
3817,琏
3818,湃
3819,辘
3820,僭
3821,躏
3822,鼾
3823,懵
3824,镰
3825,寐
3826,褚
3827,攥
3828,涧
3829,蝙
3830,脐
3831,辕
3832,涣
3833,杞
3834,煜
3835,骥
3836,傣
3837,嗳
3838,祯
3839,酉
3840,秸
3841,捺
3842,瑕
3843,鑫
3844,馋
3845,窿
3846,楔
3847,胱
3848,荔
3849,蟆
3850,湍
3851,屹
3852,遐
3853,轲
3854,镯
3855,缰
3856,桦
3857,炖
3858,钡
3859,羚
3860,啬
3861,诩
3862,绯
3863,掖
3864,箓
3865,涸
3866,鸳
3867,塾
3868,呸
3869,抡
3870,擞
3871,熹
3872,坷
3873,瓮
3874,亘
3875,嗟
3876,筵
3877,跛
3878,汕
3879,欤
3880,壑
3881,颍
3882,溥
3883,姗
3884,踊
3885,枭
3886,暄
3887,稷
3888,跚
3889,涟
3890,瀛
3891,笙
3892,滕
3893,踝
3894,贰
3895,瞰
3896,恻
3897,嚏
3898,迢
3899,獗
3900,邯
3901,睑
3902,赡
3903,萦
3904,珥
3905,酮
3906,璞
3907,羹
3908,缄
3909,晾
3910,俸
3911,媲
3912,鸾
3913,恿
3914,蜿
3915,犊
3916,讷
3917,扈
3918,蜈
3919,翟
3920,藕
3921,戌
3922,蓓
3923,鋆
3924,谩
3925,谀
3926,卯
3927,谙
3928,岐
3929,蝎
3930,荼
3931,镀
3932,椰
3933,甄
3934,蟾
3935,蹊
3936,泞
3937,撸
3938,螃
3939,檬
3940,猓
3941,蔷
3942,羲
3943,瘸
3944,蘸
3945,蔗
3946,傀
3947,蚌
3948,锢
3949,遽
3950,邃
3951,恚
3952,皑
3953,锵
3954,簌
3955,焙
3956,昊
3957,鹳
3958,睽
3959,刽
3960,鳖
3961,噎
3962,呗
3963,寰
3964,唷
3965,殡
3966,淖
3967,诰
3968,恣
3969,睐
3970,婵
3971,榈
3972,氦
3973,靳
3974,蛹
3975,鸯
3976,惬
3977,蹙
3978,诙
3979,眈
3980,罡
3981,缮
3982,胤
3983,皋
3984,蛀
3985,偌
3986,疵
3987,绛
3988,葆
3989,黔
3990,喙
3991,烽
3992,儡
3993,佼
3994,斓
3995,嫔
3996,颚
3997,龈
3998,盅
3999,娓
4000,坂
4001,町
4002,芥
4003,瘠
4004,阂
4005,挎
4006,橇
4007,荟
4008,啜
4009,垛
4010,淇
4011,瓒
4012,篓
4013,虱
4014,跻
4015,龛
4016,蹒
4017,髯
4018,瞠
4019,痫
4020,掂
4021,潼
4022,酰
4023,镁
4024,灸
4025,腆
4026,筱
4027,谆
4028,骋
4029,壬
4030,茗
4031,椋
4032,蛔
4033,潺
4034,扉
4035,耘
4036,槟
4037,雹
4038,甬
4039,谥
4040,淞
4041,燎
4042,蕙
4043,蚪
4044,蜻
4045,郸
4046,轶
4047,狰
4048,楣
4049,捋
4050,涓
4051,荪
4052,娄
4053,麝
4054,蚤
4055,薰
4056,醮
4057,搪
4058,谧
4059,湮
4060,辍
4061,瞌
4062,梆
4063,樟
4064,茉
4065,岖
4066,臼
4067,癣
4068,穑
4069,玷
4070,馍
4071,呷
4072,萼
4073,妩
4074,伫
4075,彤
4076,莓
4077,岬
4078,媛
4079,惆
4080,鳎
4081,啾
4082,囔
4083,蜓
4084,孺
4085,徇
4086,徵
4087,焊
4088,岱
4089,昵
4090,卅
4091,飙
4092,邙
4093,痞
4094,隼
4095,恫
4096,怆
4097,桀
4098,绶
4099,裆
4100,盂
4101,桧
4102,蚓
4103,抠
4104,嗷
4105,槌
4106,痘
4107,痢
4108,芮
4109,蚣
4110,闩
4111,铿
4112,飓
4113,疱
4114,蝌
4115,撅
4116,蚯
4117,斡
4118,窠
4119,荚
4120,耷
4121,砚
4122,牒
4123,赈
4124,煦
4125,嗫
4126,耙
4127,榕
4128,鞑
4129,袤
4130,谌
4131,醺
4132,秆
4133,徨
4134,橹
4135,翡
4136,缨
4137,锹
4138,嵇
4139,圪
4140,髻
4141,嗬
4142,辎
4143,痣
4144,娩
4145,谄
4146,蛐
4147,鹞
4148,翱
4149,庖
4150,籁
4151,蓿
4152,鳗
4153,疟
4154,鲇
4155,這
4156,嚅
4157,瘀
4158,颔
4159,黜
4160,黠
4161,濑
4162,馁
4163,洵
4164,忐
4165,忑
4166,砥
4167,咂
4168,罹
4169,糠
4170,匝
4171,偃
4172,淙
4173,纫
4174,喏
4175,闾
4176,祛
4177,蛰
4178,腼
4179,涝
4180,曜
4181,厩
4182,疽
4183,闰
4184,洄
4185,煊
4186,汐
4187,藓
4188,璜
4189,铬
4190,經
4191,渥
4192,靼
4193,酗
4194,苓
4195,噤
4196,咫
4197,椿
4198,鲫
4199,锭
4200,罔
4201,锺
4202,匍
4203,祗
4204,锰
4205,岌
4206,馀
4207,畹
4208,糯
4209,胫
4210,熠
4211,銮
4212,沅
4213,棣
4214,旌
4215,豌
4216,孢
4217,镭
4218,驸
4219,腌
4220,盹
4221,熵
4222,镐
4223,馐
4224,嘤
4225,癞
4226,骰
4227,韭
4228,阖
4229,瞑
4230,裨
4231,宕
4232,戾
4233,镌
4234,溟
4235,牍
4236,隽
4237,婊
4238,鹄
4239,埂
4240,拄
4241,娲
4242,虬
4243,萱
4244,啵
4245,蠡
4246,芋
4247,胭
4248,豺
4249,啻
4250,褛
4251,蛆
4252,柠
4253,掰
4254,篆
4255,倌
4256,咛
4257,蛭
4258,谡
4259,荨
4260,莞
4261,澹
4262,纭
4263,潞
4264,郅
4265,弋
4266,飕
4267,螳
4268,胄
4269,蟑
4270,猥
4271,宓
4272,昙
4273,锏
4274,蟠
4275,過
4276,柑
4277,烯
4278,匐
4279,濮
4280,蟮
4281,祐
4282,仄
4283,偈
4284,蜃
4285,箴
4286,粼
4287,嗥
4288,褴
4289,蕨
4290,蓟
4291,圩
4292,孪
4293,杳
4294,魇
4295,荤
4296,诿
4297,簪
4298,氲
4299,摞
4300,飒
4301,镂
4302,舀
4303,夙
4304,臧
4305,蒿
4306,貂
4307,蜥
4308,蹩
4309,噼
4310,钛
4311,钚
4312,獾
4313,濂
4314,铠
4315,皙
4316,霭
4317,鲈
4318,叵
4319,霾
4320,泯
4321,碴
4322,鸵
4323,峪
4324,饕
4325,瘁
4326,睢
4327,鬃
4328,迩
4329,纣
4330,夔
4331,垠
4332,饨
4333,榭
4334,隍
4335,娑
4336,篝
4337,榔
4338,洌
4339,浜
4340,鲑
4341,谔
4342,汩
4343,浣
4344,舐
4345,瞭
4346,忻
4347,咻
4348,鹑
4349,唑
4350,懋
4351,皎
4352,诒
4353,麾
4354,辏
4355,氐
4356,冽
4357,箕
4358,俚
4359,汴
4360,宸
4361,芍
4362,捱
4363,摈
4364,摺
4365,簦
4366,箔
4367,咝
4368,孀
4369,怏
4370,谝
4371,砧
4372,馕
4373,耄
4374,罂
4375,漕
4376,沣
4377,栾
4378,榘
4379,烷
4380,榷
4381,俑
4382,沱
4383,缜
4384,鹫
4385,蛳
4386,剽
4387,衢
4388,泗
4389,臊
4390,瘴
4391,酚
4392,纾
4393,晁
4394,孛
4395,炀
4396,叁
4397,憩
4398,掬
4399,椤
4400,啮
4401,畿
4402,掸
4403,镣
4404,骁
4405,椽
4406,侗
4407,滦
4408,荩
4409,泓
4410,蚱
4411,癜
4412,酯
4413,體
4414,癸
4415,蚜
4416,扪
4417,庑
4418,歆
4419,蝮
4420,蹶
4421,弈
4422,庋
4423,喟
4424,滂
4425,啕
4426,蛎
4427,獭
4428,槁
4429,翊
4430,龊
4431,邺
4432,莘
4433,燮
4434,剁
4435,觐
4436,铛
4437,谗
4438,镍
4439,臃
4440,墒
4441,晔
4442,燔
4443,嘭
4444,涿
4445,醯
4446,箩
4447,鄱
4448,睨
4449,诤
4450,坳
4451,鹭
4452,砷
4453,唏
4454,伲
4455,猬
4456,琥
4457,殁
4458,蚩
4459,泾
4460,缥
4461,殓
4462,鳅
4463,氰
4464,诋
4465,刍
4466,芷
4467,嶙
4468,逅
4469,舫
4470,呓
4471,唰
4472,茁
4473,馑
4474,妫
4475,骧
4476,苷
4477,擢
4478,峋
4479,袂
4480,懑
4481,蓑
4482,與
4483,涞
4484,祉
4485,踹
4486,掇
4487,沏
4488,诳
4489,噫
4490,饽
4491,饪
4492,绺
4493,谘
4494,飧
4495,迳
4496,铡
4497,枞
4498,熨
4499,鋈
4500,荭
4501,赊
4502,俦
4503,戛
4504,湎
4505,幺
4506,凇
4507,芪
4508,觯
4509,龌
4510,挞
4511,嬴
4512,苻
4513,嘁
4514,鞯
4515,肽
4516,恸
4517,迨
4518,钰
4519,儆
4520,觎
4521,讫
4522,滓
4523,僮
4524,媾
4525,龇
4526,胯
4527,涮
4528,绾
4529,杈
4530,赳
4531,斛
4532,觥
4533,疸
4534,卞
4535,愠
4536,拮
4537,庠
4538,烨
4539,龢
4540,菠
4541,窈
4542,罄
4543,囤
4544,弁
4545,奘
4546,咣
4547,缫
4548,腴
4549,缈
4550,喵
4551,潢
4552,遛
4553,柚
4554,郏
4555,荻
4556,藜
4557,琨
4558,镳
4559,雉
4560,橐
4561,陽
4562,骈
4563,蛉
4564,艮
4565,搽
4566,濡
4567,寮
4568,柩
4569,佗
4570,啷
4571,诜
4572,視
4573,偻
4574,夯
4575,闱
4576,谖
4577,夥
4578,枸
4579,膑
4580,虻
4581,筠
4582,埽
4583,笞
4584,臾
4585,婀
4586,珞
4587,粑
4588,怵
4589,绻
4590,殒
4591,觊
4592,崂
4593,颧
4594,嗑
4595,榛
4596,昱
4597,蜴
4598,鳝
4599,噙
4600,淼
4601,矾
4602,硼
4603,囿
4604,泅
4605,邂
4606,钜
4607,蠹
4608,垩
4609,乩
4610,嗝
4611,淦
4612,樽
4613,诮
4614,揆
4615,啐
4616,淅
4617,榉
4618,馗
4619,辔
4620,暹
4621,骛
4622,鱿
4623,苫
4624,犷
4625,獠
4626,詈
4627,竦
4628,篙
4629,诨
4630,铰
4631,馄
4632,蜚
4633,峒
4634,滢
4635,琬
4636,靓
4637,狻
4638,璨
4639,犟
4640,鸬
4641,螨
4642,芩
4643,嘹
4644,锟
4645,蜇
4646,洹
4647,栉
4648,俪
4649,钍
4650,锨
4651,瑁
4652,壹
4653,痿
4654,竑
4655,粕
4656,犄
4657,瘙
4658,饯
4659,抟
4660,衲
4661,踮
4662,龅
4663,愎
4664,馥
4665,梏
4666,讣
4667,邝
4668,艿
4669,趺
4670,鲟
4671,剜
4672,绉
4673,罅
4674,笥
4675,衩
4676,姣
4677,斫
4678,鹗
4679,腎
4680,爻
4681,猕
4682,晗
4683,铩
4684,窕
4685,仨
4686,搡
4687,崴
4688,酢
4689,檄
4690,佞
4691,孑
4692,璀
4693,岷
4694,舛
4695,邕
4696,闿
4697,铂
4698,霁
4699,犒
4700,馏
4701,阈
4702,麋
4703,麒
4704,苁
4705,摁
4706,涔
4707,宥
4708,妍
4709,铤
4710,锷
4711,嗲
4712,恽
4713,麂
4714,赝
4715,胛
4716,哂
4717,撷
4718,呶
4719,噘
4720,懔
4721,栎
4722,桎
4723,霰
4724,飨
4725,揄
4726,噔
4727,娣
4728,薏
4729,忝
4730,咤
4731,嗵
4732,迤
4733,贲
4734,胪
4735,鍪
4736,泸
4737,蔫
4738,刈
4739,僖
4740,咿
4741,鹌
4742,嗪
4743,茏
4744,茯
4745,岫
4746,嵘
4747,轱
4748,怼
4749,铨
4750,昕
4751,郢
4752,咩
4753,馊
4754,髡
4755,澧
4756,苣
4757,濯
4758,盥
4759,囡
4760,砺
4761,佘
4762,谶
4763,弑
4764,楂
4765,翦
4766,怩
4767,蠼
4768,霏
4769,楹
4770,讴
4771,锲
4772,慵
4773,胝
4774,砭
4775,潍
4776,杵
4777,樾
4778,帼
4779,碣
4780,诌
4781,徕
4782,胴
4783,钴
4784,裟
4785,啶
4786,铣
4787,铱
4788,楫
4789,赭
4790,碛
4791,酊
4792,魑
4793,醛
4794,剐
4795,畦
4796,陂
4797,闶
4798,阄
4799,祚
4800,鹘
4801,泱
4802,趄
4803,骅
4804,陲
4805,郧
4806,倜
4807,呤
4808,燧
4809,铉
4810,粲
4811,骶
4812,峁
4813,忸
4814,渌
4815,骞
4816,髭
4817,戡
4818,钨
4819,谲
4820,苋
4821,锃
4822,蜊
4823,幄
4824,闼
4825,戕
4826,骊
4827,虢
4828,烩
4829,傥
4830,妲
4831,绌
4832,桠
4833,袈
4834,鎗
4835,薮
4836,揿
4837,杲
4838,肓
4839,厝
4840,莅
4841,氤
4842,缙
4843,衮
4844,诟
4845,旖
4846,硒
4847,唁
4848,嬗
4849,硎
4850,裱
4851,颦
4852,質
4853,靥
4854,纥
4855,煨
4856,礴
4857,鏖
4858,蝈
4859,笏
4860,羿
4861,鼐
4862,湟
4863,甑
4864,炜
4865,煲
4866,锉
4867,笕
4868,喑
4869,嶂
4870,浔
4871,弭
4872,妪
4873,锂
4874,苡
4875,孳
4876,颏
4877,醴
4878,間
4879,渚
4880,轭
4881,鹬
4882,蚝
4883,黃
4884,膘
4885,邛
4886,痨
4887,褡
4888,耦
4889,覃
4890,虛
4891,馔
4892,篾
4893,兖
4894,阋
4895,遨
4896,爰
4897,痂
4898,艄
4899,耨
4900,沤
4901,邋
4902,焓
4903,秣
4904,昶
4905,種
4906,變
4907,窣
4908,绦
4909,俎
4910,榫
4911,蟪
4912,稗
4913,謇
4914,氩
4915,類
4916,锴
4917,龉
4918,烃
4919,俣
4920,嬷
4921,肱
4922,鸢
4923,笫
4924,痤
4925,陰
4926,菏
4927,莆
4928,芨
4929,阕
4930,砣
4931,碜
4932,鼹
4933,長
4934,猷
4935,竽
4936,舸
4937,诓
4938,錾
4939,淬
4940,隗
4941,悌
4942,姘
4943,槭
4944,邈
4945,婕
4946,歙
4947,稹
4948,蹴
4949,砒
4950,痈
4951,镏
4952,羯
4953,豕
4954,鲂
4955,蓖
4956,匦
4957,笤
4958,峥
4959,徭
4960,浃
4961,烊
4962,補
4963,窸
4964,酆
4965,缢
4966,褓
4967,蚨
4968,翳
4969,趔
4970,炔
4971,誊
4972,赜
4973,仃
4974,勖
4975,葺
4976,蚴
4977,泷
4978,蛴
4979,結
4980,媸
4981,俳
4982,诖
4983,茑
4984,逡
4985,孱
4986,砦
4987,跸
4988,祜
4989,伉
4990,溴
4991,屐
4992,飚
4993,蛞
4994,鏡
4995,掮
4996,崆
4997,庾
4998,橛
4999,矸
5000,鸨
5001,圻
5002,缂
5003,蒯
5004,诹
5005,啭
5006,饧
5007,镉
5008,鸪
5009,蛩
5010,蠖
5011,說
5012,劭
5013,哐
5014,崧
5015,杼
5016,棂
5017,螫
5018,龃
5019,饔
5020,遑
5021,颢
5022,腱
5023,襁
5024,忾
5025,濠
5026,牝
5027,蛄
5028,鲆
5029,嗄
5030,灏
5031,疥
5032,苜
5033,荞
5034,嘣
5035,夤
5036,砝
5037,颞
5038,開
5039,忤
5040,遢
5041,旎
5042,瘛
5043,魉
5044,辇
5045,見
5046,瓤
5047,荥
5048,涫
5049,娌
5050,氚
5051,臁
5052,毂
5053,碇
5054,毖
5055,壅
5056,吡
5057,缛
5058,玮
5059,羟
5060,還
5061,珈
5062,颀
5063,虼
5064,祇
5065,佝
5066,翕
5067,遴
5068,珏
5069,郛
5070,較
5071,驗
5072,玖
5073,蹇
5074,逋
5075,氅
5076,粽
5077,诂
5078,岢
5079,聒
5080,髁
5081,黍
5082,芾
5083,淝
5084,鲎
5085,鞣
5086,髋
5087,闳
5088,潆
5089,汨
5090,胍
5091,阏
5092,钤
5093,鹜
5094,鬈
5095,铵
5096,戬
5097,點
5098,崮
5099,枰
5100,樯
5101,脍
5102,畲
5103,衾
5104,蹼
5105,題
5106,劬
5107,咭
5108,囫
5109,洱
5110,刎
5111,芏
5112,琊
5113,碚
5114,鳕
5115,谪
5116,芎
5117,恂
5118,槿
5119,鲢
5120,鲧
5121,嘧
5122,绀
5123,郦
5124,噱
5125,浠
5126,潸
5127,跏
5128,鲶
5129,矍
5130,苌
5131,抻
5132,琰
5133,鹚
5134,龆
5135,臬
5136,芄
5137,呔
5138,雒
5139,觞
5140,钒
5141,饫
5142,阒
5143,槎
5144,鸩
5145,舂
5146,谠
5147,阡
5148,莒
5149,萸
5150,妗
5151,稔
5152,穰
5153,蚧
5154,餍
5155,谯
5156,芗
5157,菸
5158,葩
5159,踔
5160,厣
5161,佻
5162,嘌
5163,饩
5164,钏
5165,蠓
5166,黩
5167,倨
5168,腸
5169,缬
5170,殚
5171,钿
5172,鎏
5173,恁
5174,藿
5175,囟
5176,鄣
5177,呋
5178,婺
5179,绱
5180,瓯
5181,旃
5182,锶
5183,酩
5184,恹
5185,逶
5186,缦
5187,鸹
5188,螟
5189,菟
5190,阗
5191,濉
5192,篑
5193,醪
5194,鲛
5195,讦
5196,媪
5197,邬
5198,殇
5199,鄯
5200,芡
5201,嫠
5202,肼
5203,峤
5204,矽
5205,讧
5206,掼
5207,焖
5208,愆
5209,聩
5210,岘
5211,靛
5212,菖
5213,卟
5214,姒
5215,杷
5216,砉
5217,袢
5218,蚋
5219,笳
5220,挈
5221,關
5222,踽
5223,黾
5224,麼
5225,侩
5226,凫
5227,诔
5228,郯
5229,韪
5230,挲
5231,笪
5232,鼋
5233,莜
5234,風
5235,菅
5236,嵊
5237,裢
5238,趿
5239,箸
5240,莴
5241,莠
5242,阌
5243,旯
5244,圜
5245,涪
5246,赍
5247,柞
5248,嗍
5249,囵
5250,榧
5251,裰
5252,笾
5253,簟
5254,跎
5255,巽
5256,曷
5257,逖
5258,骓
5259,绔
5260,枋
5261,镒
5262,魃
5263,餮
5264,讵
5265,乜
5266,鄢
5267,瑭
5268,踅
5269,馓
5270,蟛
5271,鳟
5272,荛
5273,菬
5274,忪
5275,阍
5276,姹
5277,纰
5278,桉
5279,氪
5280,氘
5281,垅
5282,郃
5283,汊
5284,娉
5285,纡
5286,缟
5287,旮
5288,镢
5289,傈
5290,堋
5291,蔺
5292,庥
5293,枥
5294,腭
5295,鹕
5296,笮
5297,髂
5298,魍
5299,缁
5300,槊
5301,跞
5302,醚
5303,吒
5304,枳
5305,搿
5306,鹧
5307,蜍
5308,舻
5309,鏊
5310,禳
5311,蒺
5312,钹
5313,蜢
5314,鬻
5315,珩
5316,卮
5317,垭
5318,苄
5319,苕
5320,菀
5321,骠
5322,袷
5323,跹
5324,瘘
5325,騔
5326,論
5327,磬
5328,缶
5329,笸
5330,鸷
5331,頭
5332,芰
5333,蕲
5334,阆
5335,纨
5336,琮
5337,牦
5338,砩
5339,蠲
5340,锒
5341,锕
5342,郓
5343,妯
5344,驷
5345,鹩
5346,舢
5347,趸
5348,證
5349,養
5350,芫
5351,嗉
5352,蠊
5353,笊
5354,莸
5355,饴
5356,阃
5357,浯
5358,枇
5359,焱
5360,铆
5361,擤
5362,柢
5363,醢
5364,呲
5365,崾
5366,溆
5367,潴
5368,牖
5369,硪
5370,碓
5371,鹆
5372,鬣
5373,堀
5374,帙
5375,雱
5376,須
5377,進
5378,诎
5379,獐
5380,桁
5381,蛱
5382,鳏
5383,郴
5384,幂
5385,箝
5386,僳
5387,疝
5388,茴
5389,揶
5390,呦
5391,嗌
5392,囹
5393,螈
5394,脲
5395,镊
5396,锑
5397,胨
5398,膈
5399,痼
5400,鳊
5401,赅
5402,贽
5403,處
5404,苤
5405,峄
5406,桡
5407,雎
5408,鲋
5409,鞫
5410,鼬
5411,獯
5412,昀
5413,痍
5414,蟊
5415,鞴
5416,疖
5417,熘
5418,乇
5419,羸
5420,嵴
5421,栀
5422,槲
5423,炝
5424,炷
5425,硐
5426,锸
5427,鹂
5428,裾
5429,侪
5430,診
5431,調
5432,珐
5433,縯
5434,哔
5435,屙
5436,旆
5437,佰
5438,僦
5439,牯
5440,钪
5441,掾
5442,針
5443,仟
5444,圮
5445,芟
5446,崃
5447,廪
5448,擘
5449,笱
5450,跗
5451,鲅
5452,硷
5453,苎
5454,匏
5455,嗾
5456,圄
5457,彀
5458,粳
5459,卣
5460,勐
5461,掴
5462,涑
5463,浞
5464,玳
5465,愍
5466,畛
5467,赧
5468,貉
5469,擀
5470,湫
5471,逦
5472,椴
5473,铄
5474,箧
5475,刖
5476,鲮
5477,訇
5478,茱
5479,啖
5480,悭
5481,愀
5482,朐
5483,畈
5484,鹨
5485,蛘
5486,佶
5487,缃
5488,晟
5489,鲱
5490,凼
5491,苴
5492,颛
5493,厍
5494,匚
5495,徉
5496,洙
5497,氡
5498,胗
5499,癯
5500,鞒
5501,锆
5502,佤
5503,錢
5504,飲
5505,細
5506,勰
5507,钺
5508,繇
5509,螭
5510,嵬
5511,轸
5512,肟
5513,肫
5514,邨
5515,瘿
5516,仞
5517,奁
5518,宄
5519,轳
5520,熳
5521,睇
5522,钼
5523,蝼
5524,跆
5525,樗
5526,鲰
5527,節
5528,诶
5529,薜
5530,铧
5531,裥
5532,榇
5533,馃
5534,術
5535,蹚
5536,怄
5537,寤
5538,缗
5539,硗
5540,碡
5541,矬
5542,鸱
5543,虺
5544,糅
5545,雠
5546,帑
5547,镧
5548,埙
5549,啁
5550,悒
5551,犍
5552,硌
5553,锩
5554,虿
5555,蛑
5556,艉
5557,钅
5558,咴
5559,筮
5560,艏
5561,糁
5562,鼍
5563,肄
5564,籴
5565,骜
5566,砻
5567,蜮
5568,龀
5569,黢
5570,劢
5571,腫
5572,耪
5573,鬯
5574,畚
5575,觳
5576,稞
5577,鹁
5578,鲲
5579,稱
5580,捌
5581,菔
5582,獬
5583,柘
5584,娆
5585,篪
5586,鲀
5587,谰
5588,孬
5589,伥
5590,谇
5591,鄄
5592,狎
5593,闫
5594,滟
5595,齑
5596,遒
5597,磔
5598,聃
5599,綦
5600,鲡
5601,蔻
5602,泠
5603,砗
5604,钕
5605,镫
5606,菹
5607,胂
5608,煅
5609,煸
5610,螯
5611,躅
5612,鲠
5613,佥
5614,罘
5615,嶝
5616,適
5617,坨
5618,菽
5619,哞
5620,徜
5621,慊
5622,洳
5623,渑
5624,灞
5625,盍
5626,钋
5627,鸫
5628,踯
5629,縻
5630,萘
5631,褫
5632,羰
5633,腦
5634,俅
5635,芤
5636,隳
5637,洮
5638,胼
5639,罴
5640,镛
5641,怛
5642,芊
5643,啉
5644,噌
5645,嫱
5646,绲
5647,膻
5648,焐
5649,裡
5650,葎
5651,亓
5652,倮
5653,莼
5654,蘅
5655,嘞
5656,缒
5657,镆
5658,網
5659,伧
5660,荏
5661,唳
5662,檩
5663,鸶
5664,蚬
5665,骱
5666,蘖
5667,澍
5668,韫
5669,颎
5670,嘏
5671,垡
5672,腚
5673,焯
5674,繻
5675,怙
5676,羧
5677,鼙
5678,倥
5679,亳
5680,艽
5681,荠
5682,昴
5683,舨
5684,魈
5685,醣
5686,枵
5687,粜
5688,甙
5689,珲
5690,杓
5691,楸
5692,楦
5693,疃
5694,蛏
5695,蠛
5696,髌
5697,茔
5698,臨
5699,诼
5700,嬖
5701,耒
5702,蜣
5703,笄
5704,跣
5705,钣
5706,戆
5707,蜉
5708,喾
5709,铍
5710,陉
5711,薹
5712,肷
5713,岵
5714,瓴
5715,荽
5716,怫
5717,钭
5718,窀
5719,缯
5720,倬
5721,摭
5722,帔
5723,楝
5724,痱
5725,蚶
5726,螬
5727,髑
5728,紅
5729,鼗
5730,狷
5731,殛
5732,裉
5733,粝
5734,萋
5735,葭
5736,衽
5737,鳢
5738,傧
5739,喁
5740,嫘
5741,罟
5742,钌
5743,裼
5744,愦
5745,蝽
5746,雖
5747,锗
5748,衿
5749,粢
5750,醵
5751,跫
5752,鐾
5753,廛
5754,墉
5755,哌
5756,輕
5757,扦
5758,堇
5759,婧
5760,暌
5761,罱
5762,镞
5763,蹰
5764,陟
5765,鳔
5766,脘
5767,臟
5768,岿
5769,侔
5770,郾
5771,唿
5772,砹
5773,疴
5774,麸
5775,薨
5776,綝
5777,滁
5778,偾
5779,拊
5780,撺
5781,呒
5782,狯
5783,猢
5784,椁
5785,榱
5786,罾
5787,铳
5788,裎
5789,鳚
5790,眦
5791,璎
5792,認
5793,崞
5794,缇
5795,蝣
5796,萑
5797,狲
5798,缱
5799,晷
5800,冼
5801,痧
5802,統
5803,蕖
5804,狍
5805,憷
5806,锛
5807,窨
5808,袼
5809,帏
5810,儋
5811,绨
5812,疠
5813,蘩
5814,嵝
5815,庀
5816,汜
5817,炅
5818,煳
5819,泶
5820,瓠
5821,窳
5822,虮
5823,蚰
5824,邰
5825,苊
5826,砀
5827,捩
5828,蹉
5829,莪
5830,螽
5831,覺
5832,蘼
5833,槔
5834,曛
5835,蛲
5836,鹾
5837,隹
5838,犸
5839,衄
5840,觀
5841,轉
5842,銎
5843,泫
5844,玢
5845,辊
5846,瞋
5847,墀
5848,酐
5849,隱
5850,堞
5851,尥
5852,嚯
5853,猗
5854,逑
5855,逯
5856,硖
5857,噻
5858,嵛
5859,畀
5860,運
5861,鲃
5862,偬
5863,鄞
5864,呖
5865,溧
5866,嬲
5867,肭
5868,鹈
5869,鹱
5870,窭
5871,黧
5872,谵
5873,沆
5874,嫒
5875,塬
5876,缣
5877,篯
5878,酃
5879,喱
5880,泔
5881,溘
5882,迕
5883,肀
5884,秫
5885,裣
5886,铋
5887,蒌
5888,曩
5889,赀
5890,箪
5891,朊
5892,鳙
5893,仫
5894,钎
5895,芑
5896,胙
5897,盱
5898,糇
5899,挹
5900,捭
5901,悱
5902,鬟
5903,緩
5904,請
5905,崤
5906,澶
5907,甾
5908,欹
5909,瞽
5910,钇
5911,鹪
5912,鞔
5913,缡
5914,铯
5915,鲚
5916,組
5917,嘬
5918,庹
5919,渖
5920,湔
5921,玎
5922,锜
5923,锊
5924,舾
5925,籼
5926,阊
5927,祕
5928,猊
5929,燹
5930,葑
5931,蓼
5932,幛
5933,岣
5934,浼
5935,甯
5936,瑷
5937,敫
5938,钔
5939,钫
5940,锼
5941,锿
5942,癔
5943,穸
5944,褊
5945,蚍
5946,篦
5947,麇
5948,樘
5949,钯
5950,禇
5951,铒
5952,續
5953,莩
5954,嵯
5955,逭
5956,遄
5957,戗
5958,睃
5959,鮈
5960,瀣
5961,皴
5962,泮
5963,轫
5964,褰
5965,炱
5966,醍
5967,锱
5968,篁
5969,葚
5970,難
5971,矇
5972,驽
5973,辚
5974,睥
5975,鸺
5976,筇
5977,戥
5978,髀
5979,驺
5980,頸
5981,哙
5982,濞
5983,逄
5984,桤
5985,攵
5986,炻
5987,磙
5988,疳
5989,醭
5990,鳇
5991,鹮
5992,迓
5993,眇
5994,楮
5995,砜
5996,謝
5997,離
5998,約
5999,菘
6000,馇
6001,栌
6002,醐
6003,唢
6004,獍
6005,殳
6006,仡
6007,軟
6008,刿
6009,葜
6010,薅
6011,湓
6012,搴
6013,尕
6014,磴
6015,锝
6016,镅
6017,艚
6018,殄
6019,暝
6020,祢
6021,豉
6022,垴
6023,維
6024,瓿
6025,煺
6026,蟥
6027,蹀
6028,門
6029,黼
6030,氙
6031,铑
6032,積
6033,線
6034,蒡
6035,杪
6036,肜
6037,膂
6038,砬
6039,硭
6040,酽
6041,踟
6042,鲷
6043,蒴
6044,藁
6045,猡
6046,旒
6047,硇
6048,锍
6049,鞲
6050,哿
6051,皤
6052,哏
6053,殍
6054,漯
6055,確
6056,織
6057,連
6058,谂
6059,跶
6060,橥
6061,镬
6062,鸲
6063,姝
6064,茭
6065,窆
6066,髟
6067,畋
6068,溏
6069,鲔
6070,顯
6071,喹
6072,紹
6073,吣
6074,羼
6075,缧
6076,窬
6077,骘
6078,赉
6079,镓
6080,邳
6081,璩
6082,鸸
6083,涠
6084,溲
6085,孥
6086,敉
6087,筌
6088,
6089,義
6090,衛
6091,響
6092,蹓
6093,垓
6094,苒
6095,荸
6096,甓
6097,锪
6098,镄
6099,脔
6100,艟
6101,選
6102,達
6103,眬
6104,彘
6105,檠
6106,胩
6107,旄
6108,祆
6109,伛
6110,鲥
6111,荦
6112,暾
6113,脈
6114,納
6115,缌
6116,飏
6117,锞
6118,趵
6119,跖
6120,跬
6121,僬
6122,皲
6123,翥
6124,祎
6125,貢
6126,習
6127,閉
6128,芴
6129,菰
6130,眙
6131,锓
6132,訾
6133,莳
6134,菪
6135,槠
6136,榍
6137,俜
6138,觚
6139,撄
6140,嵫
6141,桴
6142,晡
6143,爨
6144,悫
6145,锇
6146,锖
6147,锘
6148,蝾
6149,糌
6150,柙
6151,滹
6152,睚
6153,辦
6154,莨
6155,尻
6156,罨
6157,锔
6158,筲
6159,妣
6160,砘
6161,谳
6162,钽
6163,鈤
6164,脹
6165,遺
6166,鄹
6167,菡
6168,崦
6169,狺
6170,杌
6171,秭
6172,舯
6173,豇
6174,鲵
6175,蘧
6176,阚
6177,悝
6178,铌
6179,預
6180,缑
6181,瑗
6182,椹
6183,旰
6184,魆
6185,蓍
6186,蕹
6187,岜
6188,钐
6189,锬
6190,镪
6191,绡
6192,檎
6193,穀
6194,茕
6195,話
6196,縮
6197,顧
6198,荈
6199,侉
6200,渫
6201,辂
6202,欷
6203,轾
6204,麴
6205,戢
6206,趼
6207,誤
6208,芈
6209,苈
6210,缍
6211,歃
6212,燠
6213,耜
6214,顸
6215,蚵
6216,哓
6217,澌
6218,郜
6219,徼
6220,籀
6221,陬
6222,蕤
6223,叻
6224,猞
6225,洇
6226,锎
6227,舳
6228,缋
6229,镗
6230,褙
6231,耋
6232,聬
6233,鳡
6234,鲌
6235,鰽
6236,筆
6237,簡
6238,計
6239,語
6240,謂
6241,袴
6242,巯
6243,吖
6244,猁
6245,桷
6246,砼
6247,锾
6248,颟
6249,跽
6250,悛
6251,桕
6252,艨
6253,颡
6254,髹
6255,桫
6256,鬆
6257,練
6258,總
6259,膽
6260,貝
6261,葸
6262,屣
6263,獒
6264,瘌
6265,佴
6266,锫
6267,隰
6268,醌
6269,萬
6270,矯
6271,鰕
6272,岽
6273,昃
6274,螓
6275,垧
6276,廨
6277,骺
6278,黥
6279,豳
6280,議
6281,絡
6282,護
6283,釋
6284,隨
6285,荑
6286,莶
6287,蓊
6288,揎
6289,娈
6290,嫜
6291,毽
6292,砑
6293,碶
6294,剀
6295,薷
6296,怃
6297,怿
6298,骐
6299,腧
6300,霈
6301,蝻
6302,鵰
6303,讀
6304,墼
6305,坩
6306,甏
6307,鹇
6308,鹣
6309,舴
6310,鲭
6311,傺
6312,枘
6313,秕
6314,糨
6315,忉
6316,磲
6317,顒
6318,蟲
6319,訓
6320,侑
6321,萁
6322,葳
6323,呙
6324,鹋
6325,貘
6326,葶
6327,枨
6328,棹
6329,纛
6330,籤
6331,規
6332,資
6333,嶷
6334,妁
6335,杩
6336,鹛
6337,羝
6338,骖
6339,祧
6340,給
6341,淠
6342,畎
6343,箨
6344,鳐
6345,識
6346,遠
6347,谿
6348,剡
6349,吲
6350,嫫
6351,戽
6352,糗
6353,鸮
6354,蕰
6355,坼
6356,璺
6357,栊
6358,镝
6359,疔
6360,瘰
6361,谮
6362,辋
6363,碥
6364,豂
6365,竅
6366,讓
6367,黒
6368,劂
6369,潋
6370,孓
6371,螋
6372,鲳
6373,铙
6374,塄
6375,萆
6376,碲
6377,粋
6378,纻
6379,沭
6380,祏
6381,電
6382,鱲
6383,頻
6384,設
6385,試
6386,項
6387,鄩
6388,鱖
6389,鱧
6390,怍
6391,糍
6392,鸻
6393,仵
6394,柰
6395,棼
6396,氇
6397,氆
6398,烀
6399,镔
6400,珉
6401,鞬
6402,範
6403,膠
6404,眾
6405,鶇
6406,囝
6407,犴
6408,镠
6409,觇
6410,钆
6411,蚺
6412,蝓
6413,趑
6414,貔
6415,躞
6416,氽
6417,绂
6418,栲
6419,鹎
6420,襻
6421,蓚
6422,貪
6423,祓
6424,繼
6425,脫
6426,郿
6427,骝
6428,檫
6429,砟
6430,蝰
6431,猱
6432,缵
6433,沔
6434,彖
6435,黻
6436,眢
6437,車
6438,陳
6439,雜
6440,驚
6441,龍
6442,鮠
6443,茛
6444,蕈
6445,骀
6446,樨
6447,昝
6448,餂
6449,镎
6450,酡
6451,鳜
6452,觋
6453,礅
6454,垆
6455,坻
6456,荇
6457,扃
6458,磻
6459,郗
6460,阇
6461,腈
6462,铈
6463,臥
6464,顱
6465,級
6466,階
6467,顟
6468,衖
6469,珙
6470,襞
6471,劁
6472,隈
6473,胬
6474,纮
6475,翙
6476,茀
6477,荜
6478,溱
6479,酤
6480,腳
6481,記
6482,許
6483,錯
6484,鱇
6485,圯
6486,柽
6487,瞀
6488,铖
6489,粞
6490,撙
6491,铊
6492,圹
6493,菝
6494,迴
6495,岙
6496,漶
6497,缏
6498,貊
6499,粫
6500,徂
6501,洎
6502,礌
6503,膿
6504,葉
6505,險
6506,雙
6507,餘
6508,邠
6509,邽
6510,溽
6511,棰
6512,舭
6513,艋
6514,靜
6515,聱
6516,尢
6517,藚
6518,佾
6519,蕻
6520,狁
6521,绁
6522,牾
6523,慝
6524,蜱
6525,鬘
6526,膚
6527,虧
6528,邊
6529,髮
6530,埚
6531,堙
6532,菥
6533,萏
6534,玟
6535,椟
6536,铗
6537,颙
6538,踬
6539,筚
6540,矻
6541,搠
6542,圉
6543,浍
6544,閱
6545,蛸
6546,礎
6547,討
6548,鎮
6549,鮊
6550,芘
6551,萜
6552,鄗
6553,惝
6554,毵
6555,鲽
6556,酞
6557,絕
6558,哚
6559,溷
6560,缞
6561,踰
6562,搦
6563,帻
6564,铦
6565,鲴
6566,髫
6567,盡
6568,蓋
6569,製
6570,載
6571,週
6572,陸
6573,醡
6574,儇
6575,狴
6576,迮
6577,鍬
6578,趱
6579,椠
6580,赟
6581,陔
6582,坌
6583,悃
6584,塍
6585,疬
6586,麈
6587,絜
6588,脩
6589,赒
6590,埒
6591,镡
6592,镨
6593,骎
6594,骙
6595,薑
6596,鼩
6597,雰
6598,穩
6599,藴
6600,責
6601,鮮
6602,鳑
6603,豨
6604,琚
6605,觫
6606,鲦
6607,刳
6608,拶
6609,掊
6610,泐
6611,瘗
6612,雩
6613,麿
6614,檗
6615,鼂
6616,詳
6617,際
6618,褔
6619,铟
6620,聽
6621,觸
6622,靈
6623,鲏
6624,蒗
6625,魟
6626,遹
6627,攴
6628,蝥
6629,茆
6630,蓁
6631,嚆
6632,忮
6633,篌
6634,菧
6635,卺
6636,郫
6637,篠
6638,複
6639,該
6640,貴
6641,辯
6642,飛
6643,犰
6644,狳
6645,陠
6646,蹁
6647,蓐
6648,稜
6649,菃
6650,埝
6651,蕞
6652,喈
6653,戋
6654,赙
6655,磉
6656,郤
6657,聍
6658,铷
6659,硏
6660,腘
6661,興
6662,雞
6663,鬱
6664,鳴
6665,麥
6666,鮟
6667,鳈
6668,秾
6669,邗
6670,釐
6671,矧
6672,舁
6673,貅
6674,瞇
6675,骢
6676,阼
6677,垸
6678,墁
6679,攮
6680,柝
6681,梃
6682,眚
6683,箜
6684,簏
6685,綮
6686,鲩
6687,諡
6688,茇
6689,摅
6690,顐
6691,蜾
6692,龂
6693,
6694,臍
6695,膩
6696,諸
6697,讉
6698,鎯
6699,脒
6700,箬
6701,鲻
6702,埸
6703,颃
6704,蒹
6705,瞍
6706,铫
6707,蒐
6708,蹻
6709,幞
6710,阯
6711,觏
6712,媵
6713,钬
6714,襦
6715,簋
6716,翮
6717,蹯
6718,艖
6719,貓
6720,鐮
6721,負
6722,順
6723,鲿
6724,緊
6725,蹠
6726,攉
6727,禊
6728,箐
6729,镟
6730,癍
6731,霪
6732,袪
6733,劓
6734,殂
6735,脞
6736,霨
6737,饾
6738,耵
6739,泺
6740,埤
6741,碁
6742,鲐
6743,鷟
6744,膬
6745,茲
6746,粯
6747,糞
6748,聲
6749,貼
6750,陴
6751,橼
6752,驩
6753,唣
6754,蜩
6755,埯
6756,蓥
6757,袝
6758,谞
6759,馘
6760,谫
6761,輶
6762,廑
6763,瘐
6764,躐
6765,黟
6766,纔
6767,礙
6768,膯
6769,華
6770,藭
6771,禆
6772,號
6773,談
6774,費
6775,顏
6776,飯
6777,稓
6778,縠
6779,揠
6780,绐
6781,鸰
6782,搛
6783,黹
6784,恧
6785,粎
6786,柒
6787,裒
6788,栳
6789,钸
6790,饸
6791,譞
6792,販
6793,铕
6794,絷
6795,蒨
6796,蓣
6797,迻
6798,釆
6799,鲕
6800,頗
6801,鍏
6802,鷉
6803,郄
6804,埘
6805,薤
6806,鲞
6807,鼯
6808,坭
6809,蔌
6810,缳
6811,靦
6812,筸
6813,蘋
6814,夼
6815,椐
6816,轹
6817,脬
6818,眍
6819,饹
6820,瘥
6821,瘵
6822,蝦
6823,誌
6824,邴
6825,鉁
6826,鞮
6827,舄
6828,麄
6829,翛
6830,覩
6831,纩
6832,蓮
6833,唛
6834,袓
6835,祂
6836,轎
6837,紀
6838,纖
6839,輔
6840,鉀
6841,領
6842,螵
6843,鸊
6844,鮡
6845,禛
6846,袆
6847,謴
6848,邾
6849,鮣
6850,酲
6851,龁
6852,汔
6853,眄
6854,眊
6855,鬲
6856,阨
6857,靸
6858,臉
6859,贇
6860,酺
6861,狃
6862,轺
6863,霅
6864,鬂
6865,鼷
6866,蠃
6867,埴
6868,鴥
6869,隊
6870,髆
6871,綱
6872,膮
6873,謹
6874,铪
6875,鹼
6876,簳
6877,終
6878,綜
6879,裝
6880,訉
6881,銀
6882,鲉
6883,蕿
6884,袊
6885,汆
6886,硃
6887,仝
6888,趽
6889,堍
6890,揸
6891,忭
6892,銧
6893,妤
6894,頫
6895,緡
6896,讟
6897,龠
6898,垤
6899,擐
6900,噍
6901,洫
6902,滏
6903,璁
6904,癃
6905,邡
6906,絁
6907,鍩
6908,趨
6909,蒽
6910,絲
6911,膫
6912,臅
6913,茖
6914,蘇
6915,詞
6916,詾
6917,贆
6918,蹨
6919,農
6920,錄
6921,鐘
6922,鰜
6923,鹽
6924,赕
6925,鯔
6926,鯮
6927,蔯
6928,貙
6929,餬
6930,躜
6931,鳀
6932,鹡
6933,
6934,蠋
6935,钲
6936,蜁
6937,兕
6938,阽
6939,鎰
6940,绋
6941,铓
6942,爝
6943,磾
6944,葷
6945,螘
6946,仂
6947,雲
6948,顗
6949,蟫
6950,蕺
6951,骃
6952,蔀
6953,诪
6954,猹
6955,鋬
6956,盤
6957,齾
6958,埕
6959,聞
6960,舉
6961,虡
6962,評
6963,鍋
6964,陣
6965,紬
6966,訢
6967,蔎
6968,繸
6969,绖
6970,埭
6971,駮
6972,鰡
6973,鵳
6974,柁
6975,筴
6976,珧
6977,贳
6978,贶
6979,腩
6980,臌
6981,礓
6982,袛
6983,貐
6984,蹐
6985,圬
6986,堠
6987,屦
6988,驵
6989,鑑
6990,桄
6991,霑
6992,憝
6993,瘳
6994,騃
6995,茌
6996,辀
6997,胠
6998,埏
6999,腠
7000,靰
7001,鞡
7002,缻
7003,輳
7004,闆
7005,铼
7006,紤
7007,翹
7008,聯
7009,詢
7010,課
7011,豐
7012,賴
7013,輸
7014,遲
7015,鐣
7016,齡
7017,莤
7018,鱯
7019,缽
7020,邲
7021,唼
7022,鐻
7023,閟
7024,駚
7025,篥
7026,茈
7027,肏
7028,萩
7029,跐
7030,蹅
7031,瞢
7032,罽
7033,聭
7034,辻
7035,铚
7036,箦
7037,踣
7038,菑
7039,蹟
7040,捃
7041,瘕
7042,睺
7043,閒
7044,鈦
7045,顩
7046,鳓
7047,闇
7048,鹹
7049,
7050,禍
7051,窩
7052,純
7053,縱
7054,聖
7055,聛
7056,脮
7057,衝
7058,訊
7059,馬
7060,諹
7061,誖
7062,蕅
7063,鰨
7064,睒
7065,笰
7066,籥
7067,翧
7068,镩
7069,耧
7070,蜞
7071,舡
7072,鰲
7073,鹀
7074,
7075,罣
7076,觍
7077,絽
7078,羶
7079,臜
7080,薙
7081,觔
7082,躼
7083,岈
7084,潲
7085,枧
7086,觌
7087,膦
7088,礞
7089,蝤
7090,螗
7091,酹
7092,醅
7093,絅
7094,纁
7095,葰
7096,郇
7097,躄
7098,茼
7099,洧
7100,滠
7101,澉
7102,鎭
7103,铏
7104,閤
7105,赆
7106,赇
7107,顣
7108,骕
7109,飑
7110,訄
7111,輓
7112,鉤
7113,鋹
7114,钘
7115,陁
7116,耱
7117,繫
7118,鋵
7119,鱵
7120,黨
7121,禿
7122,貧
7123,買
7124,賈
7125,榀
7126,緣
7127,膶
7128,茐
7129,螝
7130,訙
7131,誘
7132,賦
7133,贅
7134,鄬
7135,釤
7136,鍵
7137,閮
7138,隻
7139,飽
7140,齒
7141,鯆
7142,逿
7143,鮀
7144,鯝
7145,鰁
7146,鱤
7147,郕
7148,镴
7149,韻
7150,鮄
7151,鲙
7152,鳁
7153,齁
7154,舖
7155,膹
7156,袣
7157,謿
7158,陧
7159,坜
7160,坫
7161,甍
7162,绠
7163,恝
7164,飗
7165,镙
7166,镱
7167,騾
7168,魋
7169,硱
7170,祫
7171,筍
7172,箖
7173,袧
7174,迯
7175,郙
7176,酖
7177,遘
7178,阘
7179,眭
7180,餗
7181,耖
7182,鯒
7183,邶
7184,絼
7185,颥
7186,篚
7187,鳘
7188,
7189,虒
7190,裈
7191,遆
7192,麑
7193,粚
7194,託
7195,鄚
7196,軌
7197,饋
7198,銳
7199,粌
7200,紙
7201,職
7202,臏
7203,莖
7204,葌
7205,豬
7206,貏
7207,違
7208,鄉
7209,闅
7210,闊
7211,頂
7212,飢
7213,驅
7214,魚
7215,鳉
7216,鴱
7217,鶎
7218,黴
7219,祼
7220,鬛
7221,镈
7222,瞓
7223,罶
7224,羑
7225,黉
7226,霚
7227,笹
7228,郐
7229,溻
7230,骯
7231,礡
7232,袉
7233,訚
7234,谉
7235,莛
7236,哕
7237,滗
7238,瀹
7239,鏰
7240,稃
7241,眰
7242,眳
7243,矞
7244,硚
7245,禋
7246,翀
7247,苾
7248,襕
7249,趥
7250,茺
7251,軿
7252,逌
7253,唪
7254,庳
7255,殪
7256,隃
7257,糈
7258,鲄
7259,龜
7260,碕
7261,鲣
7262,綎
7263,栝
7264,轵
7265,雔
7266,頠
7267,穈
7268,翃
7269,膭
7270,衒
7271,盇
7272,礦
7273,譢
7274,鳰
7275,遞
7276,鴫
7277,笟
7278,莾
7279,蒼
7280,蟬
7281,袑
7282,訒
7283,講
7284,讝
7285,購
7286,趕
7287,鈧
7288,鈩
7289,閃
7290,閷
7291,頉
7292,髤
7293,龤
7294,薿
7295,鱥
7296,觝
7297,鮻
7298,鳤
7299,穉
7300,觱
7301,轘
7302,鐓
7303,筘
7304,鲝
7305,睏
7306,蔸
7307,镚
7308,痦
7309,秵
7310,臎
7311,葴
7312,蝟
7313,訂
7314,泖
7315,骟
7316,锽
7317,犋
7318,眵
7319,耩
7320,筢
7321,躔
7322,鬏
7323,黪
7324,
7325,祔
7326,箠
7327,舲
7328,蒷
7329,蜺
7330,襢
7331,謺
7332,劐
7333,貯
7334,搋
7335,醊
7336,廒
7337,洚
7338,胲
7339,韥
7340,饘
7341,馂
7342,筅
7343,鳆
7344,鲊
7345,麗
7346,篸
7347,腄
7348,臑
7349,诐
7350,仳
7351,趩
7352,篩
7353,簾
7354,絪
7355,绹
7356,膵
7357,蕗
7358,蝘
7359,袠
7360,賸
7361,葙
7362,遊
7363,饑
7364,驀
7365,祪
7366,禘
7367,臺
7368,菍
7369,髒
7370,軸
7371,釘
7372,頃
7373,仉
7374,氕
7375,矔
7376,緒
7377,脅
7378,臒
7379,苿
7380,菢
7381,蔂
7382,藞
7383,袩
7384,貞
7385,賣
7386,跍
7387,跓
7388,蹤
7389,軍
7390,邿
7391,鄰
7392,醿
7393,鈨
7394,鋼
7395,駵
7396,駸
7397,鰪
7398,鱾
7399,
7400,賨
7401,艞
7402,鹟
7403,钁
7404,鞓
7405,鰉
7406,監
7407,穊
7408,蕡
7409,鑨
7410,楱
7411,靹
7412,鷃
7413,鼱
7414,眫
7415,艆
7416,褯
7417,剞
7418,蔟
7419,靿
7420,飭
7421,瘼
7422,酴
7423,鼢
7424,睆
7425,硁
7426,秬
7427,穪
7428,筦
7429,粡
7430,粣
7431,綖
7432,裏
7433,刭
7434,跼
7435,蒇
7436,挢
7437,邆
7438,彡
7439,猃
7440,闉
7441,阓
7442,阛
7443,靺
7444,鞨
7445,铥
7446,瘅
7447,駰
7448,騻
7449,箅
7450,箢
7451,觖
7452,麆
7453,齮
7454,糀
7455,虯
7456,瘊
7457,絛
7458,聴
7459,蘭
7460,讬
7461,揲
7462,镮
7463,钷
7464,睪
7465,砲
7466,稅
7467,翫
7468,荅
7469,菉
7470,袚
7471,褋
7472,贠
7473,跡
7474,踦
7475,遯
7476,鉅
7477,鎌
7478,靉
7479,韲
7480,餖
7481,鶺
7482,麕
7483,瞼
7484,菵
7485,蟭
7486,錏
7487,踐
7488,輾
7489,銷
7490,閣
7491,頁
7492,驟
7493,碼
7494,禎
7495,禦
7496,稖
7497,稟
7498,竇
7499,笇
7500,篂
7501,緛
7502,編
7503,縿
7504,舊
7505,蓴
7506,蕚
7507,蘆
7508,蝿
7509,袃
7510,親
7511,訴
7512,讕
7513,讚
7514,財
7515,贏
7516,軅
7517,軓
7518,釙
7519,鉄
7520,錆
7521,閶
7522,鯕
7523,鶕
7524,麨
7525,
7526,
7527,脭
7528,鲯
7529,鐏
7530,魾
7531,眎
7532,睞
7533,窋
7534,籠
7535,綠
7536,縡
7537,縫
7538,肅
7539,鉏
7540,謦
7541,麹
7542,蔔
7543,繐
7544,眥
7545,粺
7546,缊
7547,艈
7548,蓇
7549,蛣
7550,蹾
7551,掎
7552,哜
7553,鄦
7554,陞
7555,韰
7556,飖
7557,镲
7558,麃
7559,禑
7560,筰
7561,聠
7562,茷
7563,螀
7564,袞
7565,褧
7566,賮
7567,赗
7568,踡
7569,揞
7570,遝
7571,酂
7572,酇
7573,醜
7574,檑
7575,雮
7576,氍
7577,腙
7578,飩
7579,痖
7580,髣
7581,髳
7582,酎
7583,鲒
7584,鲪
7585,鹯
7586,麜
7587,齸
7588,齻
7589,粩
7590,詣
7591,隄
7592,簰
7593,蒾
7594,蓏
7595,薳
7596,藛
7597,蚢
7598,蓠
7599,蓰
7600,遡
7601,郋
7602,鄜
7603,錞
7604,靣
7605,鸂
7606,麐
7607,麚
7608,齧
7609,
7610,睊
7611,砢
7612,碻
7613,絃
7614,茝
7615,菴
7616,袥
7617,襍
7618,覗
7619,詩
7620,諥
7621,跂
7622,辵
7623,邅
7624,醨
7625,頍
7626,疰
7627,觜
7628,鴿
7629,笭
7630,糷
7631,纘
7632,翉
7633,胵
7634,芖
7635,蔣
7636,蔦
7637,蛚
7638,蛯
7639,蜏
7640,讞
7641,賲
7642,钃
7643,餈
7644,馧
7645,麤
7646,鼶
7647,禱
7648,臓
7649,鈍
7650,錫
7651,紛
7652,遙
7653,螣
7654,铽
7655,竝
7656,粊
7657,紗
7658,紮
7659,絺
7660,絿
7661,緯
7662,脦
7663,臇
7664,臋
7665,葍
7666,葞
7667,葯
7668,葻
7669,藙
7670,蜔
7671,螕
7672,蟻
7673,襲
7674,觼
7675,觿
7676,詼
7677,諝
7678,貨
7679,賀
7680,趧
7681,跉
7682,躍
7683,軒
7684,輪
7685,邉
7686,鄶
7687,酁
7688,釀
7689,鈾
7690,鈿
7691,鍊
7692,闀
7693,闄
7694,腽
7695,霧
7696,韌
7697,頎
7698,額
7699,顫
7700,顬
7701,髿
7702,鴣
7703,鶝
7704,鷣
7705,齋
7706,鋊
7707,隤
7708,艦
7709,譟
7710,蒉
7711,磜
7712,綼
7713,輋
7714,頨
7715,閗
7716,鮍
7717,鯡
7718,鲹
7719,禣
7720,粏
7721,綿
7722,臐
7723,迏
7724,鋾
7725,鐇
7726,铻
7727,鮼
7728,鼈
7729,込
7730,篰
7731,痄
7732,睄
7733,磡
7734,窔
7735,筊
7736,羺
7737,腪
7738,臢
7739,荄
7740,蓡
7741,蝀
7742,詥
7743,豀
7744,苠
7745,郞
7746,骒
7747,戤
7748,铞
7749,耢
7750,麯
7751,秱
7752,筼
7753,綈
7754,翬
7755,脧
7756,茣
7757,菒
7758,蓯
7759,蕝
7760,詝
7761,謱
7762,冁
7763,踧
7764,茚
7765,辌
7766,辒
7767,郪
7768,鄘
7769,鄠
7770,帱
7771,鈇
7772,缲
7773,雚
7774,雟
7775,韺
7776,頵
7777,顝
7778,镘
7779,鬋
7780,酾
7781,鳣
7782,鴦
7783,麀
7784,麉
7785,麊
7786,麣
7787,藬
7788,鏘
7789,鞚
7790,飔
7791,鴃
7792,齏
7793,礄
7794,誥
7795,醲
7796,毳
7797,築
7798,絫
7799,脺
7800,苧
7801,蚘
7802,蝺
7803,蠶
7804,裀
7805,詧
7806,貍
7807,踘
7808,蹷
7809,蟓
7810,盦
7811,瞆
7812,矰
7813,磥
7814,祮
7815,稛
7816,箾
7817,翂
7818,胊
7819,蓺
7820,薾
7821,襱
7822,覅
7823,讏
7824,跅
7825,踆
7826,蹔
7827,軐
7828,轪
7829,鄤
7830,醰
7831,鑟
7832,铔
7833,閛
7834,陙
7835,霳
7836,顑
7837,镤
7838,鵲
7839,竚
7840,紩
7841,聦
7842,餅
7843,鶄
7844,競
7845,簷
7846,糵
7847,紖
7848,訪
7849,豎
7850,趦
7851,隸
7852,禠
7853,籓
7854,镥
7855,盜
7856,矝
7857,笖
7858,笧
7859,簢
7860,簻
7861,籌
7862,粍
7863,綍
7864,縕
7865,罋
7866,罷
7867,翜
7868,膰
7869,膲
7870,菂
7871,葦
7872,薢
7873,藷
7874,螞
7875,蠻
7876,袀
7877,袐
7878,覍
7879,訌
7880,訛
7881,詿
7882,諄
7883,譜
7884,豈
7885,賢
7886,賹
7887,遷
7888,釛
7889,鈣
7890,鈱
7891,鈶
7892,鍛
7893,鍦
7894,鐵
7895,閯
7896,閺
7897,閻
7898,隂
7899,頌
7900,頰
7901,顆
7902,顪
7903,飼
7904,駕
7905,駝
7906,驌
7907,驘
7908,鰠
7909,鰹
7910,鲗
7911,鶒
7912,鶗
7913,鷥
7914,鷹
7915,齊
7916,硙
7917,禜
7918,糢
7919,藠
7920,镦
7921,蕂
7922,霮
7923,沩
7924,颼
7925,禬
7926,鴪
7927,鮨
7928,鱣
7929,盝
7930,眹
7931,睖
7932,磫
7933,禫
7934,繨
7935,薦
7936,褱
7937,鏏
7938,鮁
7939,鹓
7940,繟
7941,繺
7942,沲
7943,餦
7944,篤
7945,踺
7946,祦
7947,篲
7948,糰
7949,絙
7950,纄
7951,脝
7952,茊
7953,菫
7954,蓞
7955,酦
7956,醾
7957,锳
7958,钶
7959,鲼
7960,齄
7961,鴨
7962,鷧
7963,
7964,祋
7965,箯
7966,粐
7967,粦
7968,粭
7969,紃
7970,脰
7971,芃
7972,苽
7973,莿
7974,菆
7975,藗
7976,藧
7977,袵
7978,裯
7979,褵
7980,襆
7981,詤
7982,譓
7983,跊
7984,軈
7985,苘
7986,迺
7987,掭
7988,邇
7989,邘
7990,鄳
7991,猸
7992,艴
7993,鑕
7994,柃
7995,闒
7996,毹
7997,脶
7998,颋
7999,鵀
8000,鶜
8001,鶟
8002,鷱
8003,鷲
8004,鹍
8005,麖
8006,
8007,軎
8008,稂
8009,蒞
8010,蠆
8011,褲
8012,佧
8013,紵
8014,緌
8015,蠾
8016,裲
8017,郈
8018,鋐
8019,餱
8020,瓞
8021,驙
8022,鯙
8023,眆
8024,睠
8025,瞫
8026,矅
8027,碃
8028,禃
8029,秔
8030,穻
8031,箇
8032,籐
8033,絏
8034,纕
8035,翐
8036,耈
8037,耎
8038,脷
8039,膕
8040,艐
8041,艷
8042,苙
8043,葹
8044,蓂
8045,蔲
8046,薋
8047,蛷
8048,蜑
8049,衂
8050,衋
8051,袿
8052,訕
8053,訝
8054,詠
8055,誳
8056,諆
8057,讱
8058,軃
8059,轝
8060,郀
8061,郵
8062,鉐
8063,鍧
8064,鍼
8065,鏦
8066,镵
8067,閭
8068,闢
8069,陗
8070,陼
8071,韈
8072,骫
8073,骳
8074,骹
8075,髠
8076,髥
8077,鳒
8078,鶡
8079,龒
8080,籂
8081,翯
8082,莚
8083,萗
8084,転
8085,鄷
8086,靭
8087,馉
8088,騙
8089,驊
8090,鼰
8091,綑
8092,績
8093,臘
8094,臛
8095,賜
8096,贈
8097,蹣
8098,軡
8099,鋸
8100,錐
8101,顎
8102,瞐
8103,銶
8104,钖
8105,矊
8106,矘
8107,矚
8108,矡
8109,硽
8110,磿
8111,礈
8112,礜
8113,秲
8114,窮
8115,竄
8116,笗
8117,箘
8118,箽
8119,簍
8120,簜
8121,粷
8122,絨
8123,絹
8124,緷
8125,緻
8126,繉
8127,繙
8128,罁
8129,羅
8130,羇
8131,聣
8132,聰
8133,脙
8134,脛
8135,脻
8136,脼
8137,腗
8138,艜
8139,萊
8140,葘
8141,葢
8142,蔥
8143,藍
8144,藘
8145,藝
8146,蘿
8147,蛬
8148,螁
8149,螚
8150,螤
8151,袇
8152,袌
8153,袔
8154,袦
8155,袨
8156,覂
8157,訃
8158,訋
8159,詫
8160,詬
8161,詮
8162,詻
8163,誠
8164,謬
8165,譃
8166,譄
8167,譯
8168,譽
8169,賰
8170,趮
8171,蹱
8172,軙
8173,軠
8174,輩
8175,辭
8176,遜
8177,鄧
8178,鄫
8179,鄿
8180,酀
8181,釡
8182,釢
8183,鉃
8184,鍍
8185,鍎
8186,鎖
8187,闃
8188,鞗
8189,韱
8190,頹
8191,願
8192,顳
8193,餁
8194,餃
8195,餵
8196,馮
8197,馳
8198,駛
8199,騎
8200,騺
8201,鯚
8202,鰟
8203,鱉
8204,鳛
8205,鴟
8206,鴮
8207,鴲
8208,鴷
8209,鷷
8210,鸀
8211,麎
8212,麡
8213,麧
8214,鼇
8215,鼞
8216,鼤
8217,齺
8218,齽
8219,龑
8220,裏
8221,
8222,
8223,砮
8224,綟
8225,緜
8226,繑
8227,纑
8228,罈
8229,蠙
8230,輴
8231,酨
8232,鏂
8233,駹
8234,鎪
8235,瞕
8236,窪
8237,肻
8238,蠔
8239,鐰
8240,綵
8241,鮰
8242,鳾
8243,虰
8244,驎
8245,荬
8246,鑛
8247,犏
8248,鞧
8249,鮋
8250,鰷
8251,鶲
8252,盕
8253,盩
8254,盻
8255,眖
8256,砛
8257,硈
8258,禢
8259,禥
8260,窼
8261,竏
8262,筈
8263,筽
8264,篴
8265,籆
8266,籇
8267,紏
8268,肣
8269,胑
8270,臮
8271,苲
8272,蒃
8273,虗
8274,蜌
8275,跘
8276,鞦
8277,驄
8278,鷭
8279,鸼
8280,鹐
8281,矄
8282,魖
8283,鴐
8284,薀
8285,謏
8286,脎
8287,締
8288,聧
8289,脜
8290,艤
8291,荖
8292,蕌
8293,蠷
8294,褏
8295,觽
8296,踫
8297,蹽
8298,軉
8299,軛
8300,墚
8301,搌
8302,擗
8303,哳
8304,鋻
8305,楗
8306,韂
8307,飆
8308,饏
8309,耥
8310,髼
8311,篼
8312,鬑
8313,醑
8314,鴧
8315,眜
8316,瞷
8317,磦
8318,礨
8319,祃
8320,祲
8321,祻
8322,窊
8323,簥
8324,籲
8325,縢
8326,繌
8327,繒
8328,聜
8329,胔
8330,胾
8331,脨
8332,膼
8333,艕
8334,苼
8335,莻
8336,蓨
8337,蓵
8338,蓾
8339,藦
8340,虀
8341,蚈
8342,蛡
8343,蛻
8344,蝝
8345,蝹
8346,蟿
8347,衼
8348,褦
8349,襶
8350,覐
8351,詯
8352,誴
8353,諓
8354,謧
8355,謪
8356,譁
8357,貤
8358,赪
8359,踖
8360,軆
8361,輈
8362,鄛
8363,鄡
8364,醖
8365,屺
8366,鍑
8367,鏉
8368,雊
8369,顓
8370,飐
8371,稆
8372,駳
8373,騽
8374,骍
8375,筻
8376,魱
8377,舣
8378,鮾
8379,鯋
8380,鯏
8381,鶃
8382,鶫
8383,齛
8384,矙
8385,絾
8386,袗
8387,襬
8388,漤
8389,闕
8390,鬐
8391,鲾
8392,鴾
8393,稭
8394,籄
8395,聺
8396,褹
8397,訟
8398,鏕
8399,齆
8400,盫
8401,矎
8402,礋
8403,窌
8404,簼
8405,糴
8406,纴
8407,罵
8408,翚
8409,耰
8410,艧
8411,藇
8412,虖
8413,蚖
8414,蜎
8415,蜨
8416,蠭
8417,詟
8418,詵
8419,譔
8420,豭
8421,趙
8422,趬
8423,阢
8424,圊
8425,醃
8426,録
8427,鍮
8428,鍸
8429,闚
8430,阤
8431,霫
8432,鞎
8433,韗
8434,鬖
8435,鳠
8436,鴼
8437,鷇
8438,黇
8439,黡
8440,齣
8441,盞
8442,眅
8443,磈
8444,磳
8445,穫
8446,窅
8447,窾
8448,筭
8449,箣
8450,簃
8451,簺
8452,粴
8453,糦
8454,絟
8455,緺
8456,縩
8457,罍
8458,翣
8459,聟
8460,肊
8461,肙
8462,肞
8463,臞
8464,苶
8465,菭
8466,葖
8467,蕳
8468,蚒
8469,蜪
8470,蝕
8471,蠜
8472,袕
8473,裋
8474,裩
8475,褌
8476,褎
8477,襫
8478,覈
8479,觭
8480,訆
8481,訏
8482,訽
8483,詨
8484,譻
8485,诇
8486,貑
8487,跱
8488,坶
8489,躘
8490,輖
8491,轇
8492,轋
8493,轕
8494,迒
8495,郘
8496,醄
8497,醼
8498,鋋
8499,鏁
8500,鏭
8501,鐄
8502,鑣
8503,鑷
8504,辁
8505,阸
8506,牿
8507,鞝
8508,頞
8509,瞵
8510,饤
8511,駃
8512,駉
8513,騠
8514,驡
8515,髪
8516,鬚
8517,鬿
8518,鮌
8519,鯁
8520,鱻
8521,鶚
8522,鷫
8523,鹖
8524,磩
8525,磭
8526,稌
8527,穃
8528,綂
8529,膥
8530,膱
8531,臿
8532,艎
8533,苃
8534,茍
8535,蒟
8536,藣
8537,虈
8538,蜐
8539,訅
8540,詭
8541,讈
8542,貿
8543,趷
8544,蹌
8545,蹹
8546,鈰
8547,銑
8548,鋫
8549,鍔
8550,鐨
8551,餉
8552,騛
8553,鯛
8554,鰤
8555,鳳
8556,鵂
8557,鶢
8558,鶳
8559,黋
8560,齢
8561,磚
8562,緲
8563,繳
8564,聝
8565,膴
8566,芵
8567,藫
8568,覓
8569,誕
8570,誡
8571,貎
8572,賄
8573,跰
8574,踥
8575,迆
8576,逕
8577,逤
8578,鏢
8579,鏤
8580,鑄
8581,鑽
8582,頷
8583,鴉
8584,鴰
8585,麅
8586,礱
8587,祿
8588,缷
8589,虙
8590,齗
8591,裓
8592,铹
8593,睙
8594,矟
8595,硣
8596,磹
8597,礀
8598,禮
8599,秶
8600,窇
8601,竷
8602,笣
8603,篃
8604,簬
8605,簯
8606,粓
8607,粶
8608,紋
8609,紓
8610,絞
8611,緹
8612,縷
8613,縼
8614,繆
8615,繕
8616,繚
8617,繞
8618,绤
8619,罆
8620,羈
8621,翆
8622,翑
8623,聵
8624,脵
8625,臄
8626,茽
8627,莊
8628,莢
8629,莵
8630,菕
8631,蓛
8632,蓷
8633,蓸
8634,蔘
8635,蔞
8636,蕘
8637,蕼
8638,薔
8639,藖
8640,藢
8641,藶
8642,蛢
8643,蟯
8644,蠄
8645,蠈
8646,蠎
8647,蠣
8648,襪
8649,覙
8650,訑
8651,訣
8652,詰
8653,詸
8654,誰
8655,諏
8656,諛
8657,諮
8658,諱
8659,謥
8660,謨
8661,譫
8662,貋
8663,貛
8664,貫
8665,賓
8666,賞
8667,贁
8668,贂
8669,贉
8670,趤
8671,趯
8672,趶
8673,跔
8674,踴
8675,蹆
8676,塥
8677,輝
8678,輰
8679,輿
8680,轂
8681,邁
8682,邼
8683,釟
8684,釠
8685,釣
8686,鈉
8687,鈴
8688,鈺
8689,鉂
8690,銊
8691,銘
8692,鋤
8693,鋭
8694,錃
8695,錈
8696,漭
8697,錨
8698,鍤
8699,鏆
8700,鐖
8701,鐧
8702,鐳
8703,鑱
8704,鑾
8705,镃
8706,閬
8707,閾
8708,閿
8709,陜
8710,陝
8711,霠
8712,鞏
8713,鞖
8714,韨
8715,韼
8716,韽
8717,頒
8718,頤
8719,顛
8720,飳
8721,飸
8722,餆
8723,館
8724,饅
8725,駐
8726,駡
8727,駷
8728,騁
8729,騫
8730,騷
8731,騼
8732,髕
8733,魜
8734,鰫
8735,鱗
8736,鱽
8737,鲬
8738,鴻
8739,鶆
8740,鶊
8741,鷳
8742,鷿
8743,鸁
8744,麞
8745,鼏
8746,鼜
8747,鼫
8748,齦
8749,
8750,
8751,
8752,
8753,
8754,盬
8755,祅
8756,禡
8757,禭
8758,糱
8759,縂
8760,蠥
8761,軷
8762,鄮
8763,釱
8764,銦
8765,錣
8766,鑢
8767,钑
8768,饟
8769,鯅
8770,鼊
8771,
8772,簫
8773,粛
8774,粻
8775,饈
8776,盌
8777,瞂
8778,鋅
8779,靮
8780,盨
8781,県
8782,箥
8783,簕
8784,臖
8785,鎔
8786,鏐
8787,顔
8788,盿
8789,萵
8790,蔊
8791,覥
8792,貲
8793,驢
8794,鶸
8795,磑
8796,窎
8797,詒
8798,鉔
8799,鏱
8800,隺
8801,饜
8802,荘
8803,蒻
8804,蔴
8805,裛
8806,鈙
8807,鎋
8808,鑀
8809,髴
8810,鴓
8811,鸴
8812,黿
8813,秹
8814,茢
8815,蘁
8816,蚑
8817,鏻
8818,霤
8819,霩
8820,頺
8821,餚
8822,鯂
8823,籔
8824,蕁
8825,蘘
8826,雑
8827,鬶
8828,鯵
8829,鰧
8830,鱂
8831,鳂
8832,鵟
8833,盠
8834,盳
8835,盽
8836,眃
8837,眏
8838,睧
8839,硄
8840,碔
8841,碦
8842,碸
8843,磃
8844,礘
8845,礮
8846,祘
8847,禤
8848,秌
8849,秙
8850,秢
8851,稧
8852,稬
8853,稲
8854,稸
8855,穜
8856,竒
8857,筶
8858,篬
8859,籒
8860,籜
8861,籞
8862,籶
8863,糂
8864,糉
8865,綡
8866,綶
8867,緄
8868,緗
8869,緼
8870,縁
8871,縋
8872,縞
8873,繤
8874,繧
8875,繬
8876,纃
8877,纉
8878,纒
8879,纗
8880,罯
8881,羀
8882,耴
8883,肍
8884,腨
8885,膗
8886,膟
8887,舦
8888,艊
8889,菄
8890,葾
8891,蒕
8892,蒘
8893,蒧
8894,蓃
8895,蓆
8896,蔱
8897,蘔
8898,蟨
8899,蠪
8900,襖
8901,誇
8902,謟
8903,讙
8904,谽
8905,踨
8906,躉
8907,躱
8908,輗
8909,釔
8910,鋕
8911,鎚
8912,韆
8913,鯶
8914,鳋
8915,鹒
8916,篭
8917,縜
8918,腣
8919,赲
8920,馻
8921,磞
8922,睕
8923,瞜
8924,碠
8925,磽
8926,簘
8927,腃
8928,腵
8929,蓳
8930,覇
8931,醱
8932,銝
8933,巛
8934,鐴
8935,鑵
8936,隩
8937,颺
8938,飮
8939,飰
8940,餇
8941,饐
8942,痃
8943,駞
8944,鴜
8945,
8946,
8947,睅
8948,睍
8949,碭
8950,碽
8951,磸
8952,礉
8953,礽
8954,祾
8955,禌
8956,筥
8957,簴
8958,紣
8959,絍
8960,縆
8961,繀
8962,繃
8963,羕
8964,羵
8965,耇
8966,聫
8967,脗
8968,臯
8969,艁
8970,艂
8971,茞
8972,葨
8973,蒄
8974,蒭
8975,薂
8976,藯
8977,蜆
8978,螑
8979,蟼
8980,衟
8981,褑
8982,褠
8983,訐
8984,訔
8985,詖
8986,詗
8987,詪
8988,諈
8989,諑
8990,讌
8991,豗
8992,豷
8993,貗
8994,貣
8995,賯
8996,贋
8997,冱
8998,輀
8999,蒈
9000,轓
9001,迋
9002,逓
9003,鄺
9004,酳
9005,鈪
9006,尜
9007,鐐
9008,轷
9009,霘
9010,鞄
9011,騧
9012,髽
9013,魣
9014,鯀
9015,鰰
9016,鴹
9017,鼪
9018,龔
9019,秊
9020,
9021,眮
9022,笀
9023,籣
9024,藑
9025,垲
9026,鍳
9027,鵬
9028,禔
9029,穯
9030,茿
9031,莂
9032,薃
9033,襛
9034,谻
9035,賚
9036,魳
9037,鵄
9038,
9039,穄
9040,穵
9041,篛
9042,簑
9043,絭
9044,緅
9045,緍
9046,罇
9047,耑
9048,艒
9049,豠
9050,蹎
9051,辢
9052,醻
9053,鐍
9054,鑮
9055,闍
9056,頳
9057,驈
9058,髲
9059,鱮
9060,麰
9061,鼄
9062,鼅
9063,鼖
9064,
9065,眣
9066,睎
9067,瞣
9068,矀
9069,硊
9070,碅
9071,磪
9072,礒
9073,禞
9074,秠
9075,穙
9076,穱
9077,窯
9078,竢
9079,笍
9080,筩
9081,篳
9082,簠
9083,粃
9084,粖
9085,糓
9086,糺
9087,紭
9088,紾
9089,絶
9090,綅
9091,繂
9092,繋
9093,繣
9094,罙
9095,罥
9096,罼
9097,羗
9098,羜
9099,翭
9100,耮
9101,聸
9102,肸
9103,胹
9104,脣
9105,腬
9106,膄
9107,膆
9108,膋
9109,臕
9110,舃
9111,艫
9112,艭
9113,艶
9114,艼
9115,荢
9116,荳
9117,萚
9118,蓗
9119,蓱
9120,蕋
9121,蕟
9122,薐
9123,薠
9124,藺
9125,蘓
9126,蘪
9127,虵
9128,蚾
9129,蛖
9130,蛜
9131,蝍
9132,蝨
9133,蟂
9134,蟜
9135,蠏
9136,衕
9137,衘
9138,袟
9139,袬
9140,誾
9141,譅
9142,譌
9143,譸
9144,讜
9145,趝
9146,趡
9147,跾
9148,踀
9149,踸
9150,蹡
9151,垌
9152,蹳
9153,躛
9154,躩
9155,躶
9156,軏
9157,軬
9158,輵
9159,轗
9160,轥
9161,逷
9162,遈
9163,邌
9164,鄟
9165,醎
9166,釭
9167,鈸
9168,怊
9169,銌
9170,鋂
9171,鋎
9172,鍐
9173,鎴
9174,鎸
9175,鑘
9176,閔
9177,雋
9178,膪
9179,霣
9180,靃
9181,韍
9182,颩
9183,飦
9184,餔
9185,駋
9186,騄
9187,骩
9188,骻
9189,骾
9190,鬙
9191,鬽
9192,魫
9193,鯈
9194,鯩
9195,鯬
9196,鰌
9197,鲓
9198,鴂
9199,鶍
9200,鶠
9201,鷁
9202,鷖
9203,鸇
9204,鸘
9205,鸧
9206,鹙
9207,麏
9208,黮
9209,齯
9210,龓
9211,盓
9212,眕
9213,睘
9214,睩
9215,矂
9216,矵
9217,矺
9218,砪
9219,硂
9220,碒
9221,磣
9222,祤
9223,禩
9224,稑
9225,穐
9226,穛
9227,竂
9228,笉
9229,篟
9230,篺
9231,紂
9232,紻
9233,綹
9234,緐
9235,縈
9236,繖
9237,繯
9238,繴
9239,纀
9240,羉
9241,翈
9242,耡
9243,腀
9244,艩
9245,苅
9246,莁
9247,菞
9248,菳
9249,萈
9250,蒁
9251,蒑
9252,蓔
9253,蓕
9254,蔙
9255,蔿
9256,蕧
9257,薆
9258,薗
9259,薝
9260,藀
9261,蘌
9262,虋
9263,蚿
9264,蜫
9265,蜽
9266,螥
9267,蠚
9268,袽
9269,裶
9270,裺
9271,褣
9272,褸
9273,詅
9274,詇
9275,詐
9276,誻
9277,諧
9278,謚
9279,豧
9280,貮
9281,賡
9282,賱
9283,赑
9284,赹
9285,赽
9286,踃
9287,蹞
9288,蹧
9289,躻
9290,躿
9291,輻
9292,郟
9293,鄑
9294,酼
9295,醁
9296,醕
9297,醥
9298,釪
9299,鈵
9300,銒
9301,銙
9302,鋺
9303,錗
9304,錥
9305,鍓
9306,鍟
9307,鎍
9308,鎘
9309,鏿
9310,鐎
9311,鐤
9312,鐿
9313,鑊
9314,锧
9315,閧
9316,闛
9317,隝
9318,隥
9319,隦
9320,靄
9321,靱
9322,鞪
9323,鞺
9324,鞿
9325,韟
9326,顀
9327,飀
9328,飥
9329,飪
9330,餒
9331,饆
9332,馿
9333,癀
9334,驦
9335,髉
9336,鬉
9337,鬸
9338,魛
9339,鳷
9340,鵋
9341,鵏
9342,鵨
9343,鵼
9344,鷵
9345,鷼
9346,鸍
9347,鸓
9348,鸖
9349,鹠
9350,黶
9351,鼉
9352,齰
9353,碀
9354,礇
9355,禪
9356,筣
9357,箏
9358,糧
9359,紐
9360,紳
9361,綀
9362,緱
9363,缾
9364,羷
9365,耊
9366,臚
9367,艍
9368,葏
9369,蠅
9370,詛
9371,誽
9372,諂
9373,賂
9374,輧
9375,輽
9376,釦
9377,鈕
9378,鏍
9379,鏽
9380,鐲
9381,颱
9382,饝
9383,騇
9384,髏
9385,腂
9386,臗
9387,眀
9388,砫
9389,祙
9390,祳
9391,粧
9392,蕣
9393,觓
9394,趹
9395,鄍
9396,鈡
9397,羭
9398,蝄
9399,衸
9400,謡
9401,閏
9402,盪
9403,眲
9404,睋
9405,矃
9406,矒
9407,硟
9408,碩
9409,磄
9410,礂
9411,礊
9412,祰
9413,祹
9414,禐
9415,秳
9416,秼
9417,稄
9418,稇
9419,稈
9420,稘
9421,稙
9422,穢
9423,竸
9424,竾
9425,笐
9426,笜
9427,筂
9428,箒
9429,箛
9430,箞
9431,箤
9432,箷
9433,箹
9434,箿
9435,篜
9436,簞
9437,簤
9438,簨
9439,簹
9440,簽
9441,籬
9442,粔
9443,粸
9444,紇
9445,紝
9446,紺
9447,絆
9448,絳
9449,綄
9450,綊
9451,綏
9452,綒
9453,綔
9454,綗
9455,綴
9456,緝
9457,緞
9458,緦
9459,緰
9460,緶
9461,縣
9462,縹
9463,繜
9464,繝
9465,繩
9466,纏
9467,罃
9468,罝
9469,罰
9470,羴
9471,翢
9472,聡
9473,聹
9474,聻
9475,聾
9476,脕
9477,脟
9478,脳
9479,脽
9480,脿
9481,臈
9482,艑
9483,艙
9484,艢
9485,芻
9486,茻
9487,荊
9488,菐
9489,菓
9490,菙
9491,菚
9492,菣
9493,菦
9494,菨
9495,葔
9496,葠
9497,葮
9498,葲
9499,蓙
9500,蔁
9501,蕛
9502,蕜
9503,蕦
9504,蕵
9505,蕷
9506,薖
9507,藨
9508,藮
9509,藰
9510,藳
9511,藵
9512,虃
9513,虘
9514,虜
9515,虝
9516,蛥
9517,蛶
9518,蜠
9519,蝸
9520,螐
9521,螖
9522,螡
9523,螢
9524,蟳
9525,蠌
9526,蠍
9527,蠒
9528,蠗
9529,蠝
9530,蠟
9531,袘
9532,褜
9533,褨
9534,襾
9535,覊
9536,覚
9537,覛
9538,覟
9539,覠
9540,覯
9541,訜
9542,訡
9543,訮
9544,証
9545,詷
9546,詺
9547,諉
9548,諒
9549,諘
9550,諦
9551,諺
9552,謀
9553,謠
9554,謩
9555,謸
9556,謽
9557,讍
9558,讛
9559,貦
9560,貸
9561,貽
9562,賅
9563,賊
9564,賳
9565,賺
9566,贀
9567,贄
9568,贊
9569,贌
9570,趪
9571,跁
9572,跈
9573,跒
9574,蹖
9575,軀
9576,軇
9577,軔
9578,軘
9579,軣
9580,軻
9581,輒
9582,輥
9583,輦
9584,轟
9585,逇
9586,邔
9587,邥
9588,邫
9589,鄽
9590,醆
9591,醞
9592,醽
9593,釥
9594,鈂
9595,鈽
9596,鉍
9597,鉛
9598,銓
9599,銜
9600,鋇
9601,鋒
9602,鋰
9603,鋷
9604,錠
9605,錦
9606,鎲
9607,鏈
9608,鏟
9609,鐑
9610,鐬
9611,鑲
9612,鑴
9613,鑿
9614,镻
9615,閑
9616,閰
9617,閳
9618,閴
9619,閹
9620,闌
9621,闡
9622,陮
9623,陻
9624,霂
9625,靵
9626,鞊
9627,鞛
9628,韓
9629,韴
9630,韷
9631,頊
9632,頋
9633,頓
9634,頜
9635,顕
9636,顨
9637,顴
9638,飷
9639,飺
9640,飾
9641,餀
9642,餌
9643,餓
9644,饒
9645,饡
9646,饳
9647,饻
9648,馴
9649,駜
9650,駣
9651,駥
9652,駨
9653,駶
9654,騰
9655,騿
9656,驁
9657,驇
9658,驑
9659,驕
9660,驖
9661,驥
9662,髞
9663,鬀
9664,鬄
9665,鬅
9666,鬢
9667,鬧
9668,魰
9669,魵
9670,魸
9671,魺
9672,鯊
9673,鯐
9674,鯓
9675,鯖
9676,鯗
9677,鰞
9678,鰬
9679,鰵
9680,鰸
9681,鰻
9682,鱌
9683,鱺
9684,鳩
9685,鳪
9686,鳶
9687,鴭
9688,鴳
9689,鴴
9690,鴵
9691,鴺
9692,鴽
9693,鵁
9694,鵝
9695,鶈
9696,鶐
9697,鶓
9698,鶩
9699,鶴
9700,鷩
9701,鷴
9702,鷽
9703,麩
9704,麵
9705,鼑
9706,鼘
9707,鼮
9708,齲
9709,齼
9710,龝
9711,
9712,
9713,
9714,禖
9715,禵
9716,秅
9717,竌
9718,籙
9719,粵
9720,緋
9721,羠
9722,翖
9723,艣
9724,蚡
9725,訹
9726,諠
9727,輂
9728,輨
9729,遶
9730,鈆
9731,鈖
9732,銅
9733,鍥
9734,鎇
9735,绗
9736,鐷
9737,閽
9738,闟
9739,韮
9740,騣
9741,髧
9742,鴢
9743,鷘
9744,黺
9745,祶
9746,荮
9747,瞏
9748,稴
9749,笲
9750,笿
9751,縪
9752,纍
9753,翸
9754,肧
9755,臶
9756,蜸
9757,豊
9758,賁
9759,輐
9760,輘
9761,邏
9762,雘
9763,鯽
9764,
9765,眞
9766,睴
9767,瞡
9768,砏
9769,磯
9770,粿
9771,紘
9772,舋
9773,葋
9774,薭
9775,虲
9776,蠩
9777,覵
9778,註
9779,詄
9780,譗
9781,趰
9782,軧
9783,岍
9784,鉼
9785,鋪
9786,鞻
9787,颵
9788,餼
9789,騍
9790,驂
9791,鯘
9792,鳿
9793,龎
9794,睉
9795,砤
9796,礑
9797,禰
9798,窤
9799,竈
9800,聶
9801,蕒
9802,説
9803,趌
9804,踄
9805,鑰
9806,隣
9807,饌
9808,驛
9809,骿
9810,鼥
9811,碵
9812,竤
9813,絒
9814,絓
9815,芼
9816,萢
9817,蓧
9818,蔄
9819,螦
9820,詀
9821,躦
9822,狨
9823,錋
9824,鎝
9825,鐩
9826,隲
9827,霝
9828,鞟
9829,礐
9830,禗
9831,稡
9832,穽
9833,糮
9834,羮
9835,肰
9836,艸
9837,葇
9838,葟
9839,蒪
9840,蝑
9841,螧
9842,蟅
9843,蟢
9844,貒
9845,銫
9846,関
9847,礤
9848,鮭
9849,鴙
9850,鴞
9851,鵣
9852,鵪
9853,鷦
9854,鷺
9855,齜
9856,盢
9857,眘
9858,瞞
9859,礿
9860,祩
9861,禨
9862,秺
9863,穟
9864,窫
9865,笎
9866,篨
9867,籋
9868,緤
9869,緵
9870,縚
9871,繿
9872,羙
9873,蘂
9874,蜼
9875,襘
9876,訞
9877,謄
9878,谼
9879,躒
9880,躭
9881,迍
9882,釿
9883,鏸
9884,颻
9885,餟
9886,餫
9887,餽
9888,驆
9889,鬳
9890,魒
9891,盉
9892,睱
9893,睻
9894,磠
9895,箋
9896,絣
9897,縀
9898,縛
9899,縧
9900,荙
9901,莕
9902,莙
9903,螠
9904,蟧
9905,襌
9906,襽
9907,豰
9908,賷
9909,鉽
9910,銲
9911,錧
9912,鍚
9913,鍱
9914,骣
9915,鑪
9916,靷
9917,頦
9918,騊
9919,骔
9920,魽
9921,魿
9922,鮅
9923,鮇
9924,鮎
9925,鮘
9926,鮪
9927,鯨
9928,鰿
9929,鱀
9930,鱄
9931,鱓
9932,鲖
9933,鴒